--
-- PostgreSQL database dump
--

-- Dumped from database version 14.3 (Ubuntu 14.3-1.pgdg18.04+1)
-- Dumped by pg_dump version 14.3 (Ubuntu 14.3-1.pgdg18.04+1)

SET statement_timeout = 0;
SET lock_timeout = 0;
SET idle_in_transaction_session_timeout = 0;
SET client_encoding = 'UTF8';
SET standard_conforming_strings = on;
SELECT pg_catalog.set_config('search_path', '', false);
SET check_function_bodies = false;
SET xmloption = content;
SET client_min_messages = warning;
SET row_security = off;

SET default_tablespace = '';

SET default_table_access_method = heap;

--
-- Name: code_migration; Type: TABLE; Schema: public; Owner: chirpstack_ns
--

CREATE TABLE public.code_migration (
    id text NOT NULL,
    applied_at timestamp with time zone NOT NULL
);


ALTER TABLE public.code_migration OWNER TO chirpstack_ns;

--
-- Name: device; Type: TABLE; Schema: public; Owner: chirpstack_ns
--

CREATE TABLE public.device (
    dev_eui bytea NOT NULL,
    created_at timestamp with time zone NOT NULL,
    updated_at timestamp with time zone NOT NULL,
    device_profile_id uuid NOT NULL,
    service_profile_id uuid NOT NULL,
    routing_profile_id uuid NOT NULL,
    skip_fcnt_check boolean DEFAULT false NOT NULL,
    reference_altitude double precision NOT NULL,
    mode character(1) NOT NULL,
    is_disabled boolean NOT NULL
);


ALTER TABLE public.device OWNER TO chirpstack_ns;

--
-- Name: device_activation; Type: TABLE; Schema: public; Owner: chirpstack_ns
--

CREATE TABLE public.device_activation (
    id bigint NOT NULL,
    created_at timestamp with time zone NOT NULL,
    dev_eui bytea NOT NULL,
    join_eui bytea NOT NULL,
    dev_addr bytea NOT NULL,
    f_nwk_s_int_key bytea NOT NULL,
    s_nwk_s_int_key bytea NOT NULL,
    nwk_s_enc_key bytea NOT NULL,
    dev_nonce integer NOT NULL,
    join_req_type smallint NOT NULL
);


ALTER TABLE public.device_activation OWNER TO chirpstack_ns;

--
-- Name: device_activation_id_seq; Type: SEQUENCE; Schema: public; Owner: chirpstack_ns
--

CREATE SEQUENCE public.device_activation_id_seq
    START WITH 1
    INCREMENT BY 1
    NO MINVALUE
    NO MAXVALUE
    CACHE 1;


ALTER TABLE public.device_activation_id_seq OWNER TO chirpstack_ns;

--
-- Name: device_activation_id_seq; Type: SEQUENCE OWNED BY; Schema: public; Owner: chirpstack_ns
--

ALTER SEQUENCE public.device_activation_id_seq OWNED BY public.device_activation.id;


--
-- Name: device_multicast_group; Type: TABLE; Schema: public; Owner: chirpstack_ns
--

CREATE TABLE public.device_multicast_group (
    dev_eui bytea NOT NULL,
    multicast_group_id uuid NOT NULL,
    created_at timestamp with time zone NOT NULL
);


ALTER TABLE public.device_multicast_group OWNER TO chirpstack_ns;

--
-- Name: device_profile; Type: TABLE; Schema: public; Owner: chirpstack_ns
--

CREATE TABLE public.device_profile (
    created_at timestamp with time zone NOT NULL,
    updated_at timestamp with time zone NOT NULL,
    device_profile_id uuid NOT NULL,
    supports_class_b boolean NOT NULL,
    class_b_timeout integer NOT NULL,
    ping_slot_period integer NOT NULL,
    ping_slot_dr integer NOT NULL,
    ping_slot_freq bigint NOT NULL,
    supports_class_c boolean NOT NULL,
    class_c_timeout integer NOT NULL,
    mac_version character varying(10) NOT NULL,
    reg_params_revision character varying(20) NOT NULL,
    rx_delay_1 integer NOT NULL,
    rx_dr_offset_1 integer NOT NULL,
    rx_data_rate_2 integer NOT NULL,
    rx_freq_2 bigint NOT NULL,
    factory_preset_freqs bigint[],
    max_eirp integer NOT NULL,
    max_duty_cycle integer NOT NULL,
    supports_join boolean NOT NULL,
    rf_region character varying(20) NOT NULL,
    supports_32bit_fcnt boolean NOT NULL,
    adr_algorithm_id character varying(100) NOT NULL
);


ALTER TABLE public.device_profile OWNER TO chirpstack_ns;

--
-- Name: device_queue; Type: TABLE; Schema: public; Owner: chirpstack_ns
--

CREATE TABLE public.device_queue (
    id bigint NOT NULL,
    created_at timestamp with time zone NOT NULL,
    updated_at timestamp with time zone NOT NULL,
    dev_eui bytea,
    frm_payload bytea,
    f_cnt integer NOT NULL,
    f_port integer NOT NULL,
    confirmed boolean NOT NULL,
    is_pending boolean NOT NULL,
    timeout_after timestamp with time zone,
    emit_at_time_since_gps_epoch bigint,
    dev_addr bytea,
    retry_after timestamp with time zone
);


ALTER TABLE public.device_queue OWNER TO chirpstack_ns;

--
-- Name: device_queue_id_seq; Type: SEQUENCE; Schema: public; Owner: chirpstack_ns
--

CREATE SEQUENCE public.device_queue_id_seq
    START WITH 1
    INCREMENT BY 1
    NO MINVALUE
    NO MAXVALUE
    CACHE 1;


ALTER TABLE public.device_queue_id_seq OWNER TO chirpstack_ns;

--
-- Name: device_queue_id_seq; Type: SEQUENCE OWNED BY; Schema: public; Owner: chirpstack_ns
--

ALTER SEQUENCE public.device_queue_id_seq OWNED BY public.device_queue.id;


--
-- Name: gateway; Type: TABLE; Schema: public; Owner: chirpstack_ns
--

CREATE TABLE public.gateway (
    gateway_id bytea NOT NULL,
    created_at timestamp with time zone NOT NULL,
    updated_at timestamp with time zone NOT NULL,
    first_seen_at timestamp with time zone,
    last_seen_at timestamp with time zone,
    location point NOT NULL,
    altitude double precision NOT NULL,
    gateway_profile_id uuid,
    routing_profile_id uuid NOT NULL,
    tls_cert bytea,
    service_profile_id uuid
);


ALTER TABLE public.gateway OWNER TO chirpstack_ns;

--
-- Name: gateway_board; Type: TABLE; Schema: public; Owner: chirpstack_ns
--

CREATE TABLE public.gateway_board (
    id smallint NOT NULL,
    gateway_id bytea NOT NULL,
    fpga_id bytea,
    fine_timestamp_key bytea
);


ALTER TABLE public.gateway_board OWNER TO chirpstack_ns;

--
-- Name: gateway_profile; Type: TABLE; Schema: public; Owner: chirpstack_ns
--

CREATE TABLE public.gateway_profile (
    gateway_profile_id uuid NOT NULL,
    created_at timestamp with time zone NOT NULL,
    updated_at timestamp with time zone NOT NULL,
    channels smallint[] NOT NULL,
    stats_interval bigint NOT NULL
);


ALTER TABLE public.gateway_profile OWNER TO chirpstack_ns;

--
-- Name: gateway_profile_extra_channel; Type: TABLE; Schema: public; Owner: chirpstack_ns
--

CREATE TABLE public.gateway_profile_extra_channel (
    id bigint NOT NULL,
    gateway_profile_id uuid NOT NULL,
    modulation character varying(10) NOT NULL,
    frequency integer NOT NULL,
    bandwidth integer NOT NULL,
    bitrate integer NOT NULL,
    spreading_factors smallint[]
);


ALTER TABLE public.gateway_profile_extra_channel OWNER TO chirpstack_ns;

--
-- Name: gateway_profile_extra_channel_id_seq; Type: SEQUENCE; Schema: public; Owner: chirpstack_ns
--

CREATE SEQUENCE public.gateway_profile_extra_channel_id_seq
    START WITH 1
    INCREMENT BY 1
    NO MINVALUE
    NO MAXVALUE
    CACHE 1;


ALTER TABLE public.gateway_profile_extra_channel_id_seq OWNER TO chirpstack_ns;

--
-- Name: gateway_profile_extra_channel_id_seq; Type: SEQUENCE OWNED BY; Schema: public; Owner: chirpstack_ns
--

ALTER SEQUENCE public.gateway_profile_extra_channel_id_seq OWNED BY public.gateway_profile_extra_channel.id;


--
-- Name: multicast_group; Type: TABLE; Schema: public; Owner: chirpstack_ns
--

CREATE TABLE public.multicast_group (
    id uuid NOT NULL,
    created_at timestamp with time zone NOT NULL,
    updated_at timestamp with time zone NOT NULL,
    mc_addr bytea,
    mc_nwk_s_key bytea,
    f_cnt integer NOT NULL,
    group_type character(1) NOT NULL,
    dr integer NOT NULL,
    frequency bigint NOT NULL,
    ping_slot_period integer NOT NULL,
    routing_profile_id uuid NOT NULL,
    service_profile_id uuid NOT NULL
);


ALTER TABLE public.multicast_group OWNER TO chirpstack_ns;

--
-- Name: multicast_queue; Type: TABLE; Schema: public; Owner: chirpstack_ns
--

CREATE TABLE public.multicast_queue (
    id bigint NOT NULL,
    created_at timestamp with time zone NOT NULL,
    schedule_at timestamp with time zone NOT NULL,
    emit_at_time_since_gps_epoch bigint,
    multicast_group_id uuid NOT NULL,
    gateway_id bytea NOT NULL,
    f_cnt integer NOT NULL,
    f_port integer NOT NULL,
    frm_payload bytea,
    updated_at timestamp with time zone NOT NULL,
    retry_after timestamp with time zone
);


ALTER TABLE public.multicast_queue OWNER TO chirpstack_ns;

--
-- Name: multicast_queue_id_seq; Type: SEQUENCE; Schema: public; Owner: chirpstack_ns
--

CREATE SEQUENCE public.multicast_queue_id_seq
    START WITH 1
    INCREMENT BY 1
    NO MINVALUE
    NO MAXVALUE
    CACHE 1;


ALTER TABLE public.multicast_queue_id_seq OWNER TO chirpstack_ns;

--
-- Name: multicast_queue_id_seq; Type: SEQUENCE OWNED BY; Schema: public; Owner: chirpstack_ns
--

ALTER SEQUENCE public.multicast_queue_id_seq OWNED BY public.multicast_queue.id;


--
-- Name: routing_profile; Type: TABLE; Schema: public; Owner: chirpstack_ns
--

CREATE TABLE public.routing_profile (
    created_at timestamp with time zone NOT NULL,
    updated_at timestamp with time zone NOT NULL,
    routing_profile_id uuid NOT NULL,
    as_id character varying(255),
    ca_cert text DEFAULT ''::text NOT NULL,
    tls_cert text DEFAULT ''::text NOT NULL,
    tls_key text DEFAULT ''::text NOT NULL
);


ALTER TABLE public.routing_profile OWNER TO chirpstack_ns;

--
-- Name: schema_migrations; Type: TABLE; Schema: public; Owner: chirpstack_ns
--

CREATE TABLE public.schema_migrations (
    version bigint NOT NULL,
    dirty boolean NOT NULL
);


ALTER TABLE public.schema_migrations OWNER TO chirpstack_ns;

--
-- Name: service_profile; Type: TABLE; Schema: public; Owner: chirpstack_ns
--

CREATE TABLE public.service_profile (
    created_at timestamp with time zone NOT NULL,
    updated_at timestamp with time zone NOT NULL,
    service_profile_id uuid NOT NULL,
    ul_rate integer NOT NULL,
    ul_bucket_size integer NOT NULL,
    ul_rate_policy character(4) NOT NULL,
    dl_rate integer NOT NULL,
    dl_bucket_size integer NOT NULL,
    dl_rate_policy character(4) NOT NULL,
    add_gw_metadata boolean NOT NULL,
    dev_status_req_freq integer NOT NULL,
    report_dev_status_battery boolean NOT NULL,
    report_dev_status_margin boolean NOT NULL,
    dr_min integer NOT NULL,
    dr_max integer NOT NULL,
    channel_mask bytea,
    pr_allowed boolean NOT NULL,
    hr_allowed boolean NOT NULL,
    ra_allowed boolean NOT NULL,
    nwk_geo_loc boolean NOT NULL,
    target_per integer NOT NULL,
    min_gw_diversity integer NOT NULL,
    gws_private boolean DEFAULT false NOT NULL
);


ALTER TABLE public.service_profile OWNER TO chirpstack_ns;

--
-- Name: device_activation id; Type: DEFAULT; Schema: public; Owner: chirpstack_ns
--

ALTER TABLE ONLY public.device_activation ALTER COLUMN id SET DEFAULT nextval('public.device_activation_id_seq'::regclass);


--
-- Name: device_queue id; Type: DEFAULT; Schema: public; Owner: chirpstack_ns
--

ALTER TABLE ONLY public.device_queue ALTER COLUMN id SET DEFAULT nextval('public.device_queue_id_seq'::regclass);


--
-- Name: gateway_profile_extra_channel id; Type: DEFAULT; Schema: public; Owner: chirpstack_ns
--

ALTER TABLE ONLY public.gateway_profile_extra_channel ALTER COLUMN id SET DEFAULT nextval('public.gateway_profile_extra_channel_id_seq'::regclass);


--
-- Name: multicast_queue id; Type: DEFAULT; Schema: public; Owner: chirpstack_ns
--

ALTER TABLE ONLY public.multicast_queue ALTER COLUMN id SET DEFAULT nextval('public.multicast_queue_id_seq'::regclass);


--
-- Data for Name: code_migration; Type: TABLE DATA; Schema: public; Owner: chirpstack_ns
--

COPY public.code_migration (id, applied_at) FROM stdin;
migrate_to_cluster_keys	2022-05-11 12:14:12.606393+02
migrate_to_golang_migrate	2022-05-11 12:14:12.613583+02
\.


--
-- Data for Name: device; Type: TABLE DATA; Schema: public; Owner: chirpstack_ns
--

COPY public.device (dev_eui, created_at, updated_at, device_profile_id, service_profile_id, routing_profile_id, skip_fcnt_check, reference_altitude, mode, is_disabled) FROM stdin;
\\x02c59a6d8813fc97	2022-05-11 04:55:43.434142+02	2022-07-07 15:23:37.506055+02	ed72072d-b70a-4ca8-a4d3-eeceb14321df	9415605d-21e1-4718-baa9-11730e4f627b	6d5db27e-4ce2-4b2b-b5d7-91f069397978	f	0	A	f
\\x70b3d57ed0050089	2022-05-11 13:36:07.899761+02	2022-07-24 16:59:10.161738+02	ed72072d-b70a-4ca8-a4d3-eeceb14321df	9415605d-21e1-4718-baa9-11730e4f627b	6d5db27e-4ce2-4b2b-b5d7-91f069397978	f	0	A	f
\.


--
-- Data for Name: device_activation; Type: TABLE DATA; Schema: public; Owner: chirpstack_ns
--

COPY public.device_activation (id, created_at, dev_eui, join_eui, dev_addr, f_nwk_s_int_key, s_nwk_s_int_key, nwk_s_enc_key, dev_nonce, join_req_type) FROM stdin;
1	2022-05-11 12:53:32.285239+02	\\x02c59a6d8813fc97	\\x0000000000000000	\\x005ee9fb	\\x47e3af12a297408d84cfebaa4ae2b2c6	\\x47e3af12a297408d84cfebaa4ae2b2c6	\\x47e3af12a297408d84cfebaa4ae2b2c6	27758	255
2	2022-05-11 13:07:43.625728+02	\\x02c59a6d8813fc97	\\x0000000000000000	\\x0054f66b	\\x7bc1c87055839d2e3c9573f322f66803	\\x7bc1c87055839d2e3c9573f322f66803	\\x7bc1c87055839d2e3c9573f322f66803	10646	255
3	2022-05-11 13:11:42.855565+02	\\x02c59a6d8813fc97	\\x0000000000000000	\\x01dca536	\\x8fa86f1f1793de79474882bd1760f2f6	\\x8fa86f1f1793de79474882bd1760f2f6	\\x8fa86f1f1793de79474882bd1760f2f6	61149	255
4	2022-05-11 13:22:09.783892+02	\\x02c59a6d8813fc97	\\x0000000000000000	\\x008a647a	\\x438c50c526b91e6c2066a27b2cc0a14d	\\x438c50c526b91e6c2066a27b2cc0a14d	\\x438c50c526b91e6c2066a27b2cc0a14d	40878	255
5	2022-05-11 13:30:05.89091+02	\\x02c59a6d8813fc97	\\x0000000000000000	\\x0167946c	\\x1f0c35843986d3c885df9c3be66f1633	\\x1f0c35843986d3c885df9c3be66f1633	\\x1f0c35843986d3c885df9c3be66f1633	38356	255
6	2022-05-11 13:34:24.548329+02	\\x02c59a6d8813fc97	\\x0000000000000000	\\x0156af44	\\x85cf45deedfd547874d14a792a25652d	\\x85cf45deedfd547874d14a792a25652d	\\x85cf45deedfd547874d14a792a25652d	27156	255
7	2022-05-11 13:37:21.881613+02	\\x70b3d57ed0050089	\\x0000000000000000	\\x01d3082e	\\xa56fb0b77a03a331b9b4f4cbf8cf6c70	\\xa56fb0b77a03a331b9b4f4cbf8cf6c70	\\xa56fb0b77a03a331b9b4f4cbf8cf6c70	34706	255
8	2022-05-11 14:44:32.065958+02	\\x02c59a6d8813fc97	\\x0000000000000000	\\x0130f5b7	\\x8ed1f910654d6996e440f3226cd1e589	\\x8ed1f910654d6996e440f3226cd1e589	\\x8ed1f910654d6996e440f3226cd1e589	57942	255
9	2022-05-11 14:46:38.215931+02	\\x70b3d57ed0050089	\\x0000000000000000	\\x017bfb31	\\xdecd0de31a8217452c973776ee6cc121	\\xdecd0de31a8217452c973776ee6cc121	\\xdecd0de31a8217452c973776ee6cc121	62791	255
10	2022-05-11 15:29:42.195266+02	\\x70b3d57ed0050089	\\x0000000000000000	\\x00e71f1e	\\x82893eb71004c133ccabb77938b9c715	\\x82893eb71004c133ccabb77938b9c715	\\x82893eb71004c133ccabb77938b9c715	20641	255
11	2022-05-16 15:44:01.669078+02	\\x70b3d57ed0050089	\\x0000000000000000	\\x0067a064	\\x11d1b0734a9d9e6b4756b7116e0c97bb	\\x11d1b0734a9d9e6b4756b7116e0c97bb	\\x11d1b0734a9d9e6b4756b7116e0c97bb	63337	255
12	2022-05-16 16:34:02.017145+02	\\x70b3d57ed0050089	\\x0000000000000000	\\x003dc35a	\\xfff273271b8a7fad3407e31b133d1a0a	\\xfff273271b8a7fad3407e31b133d1a0a	\\xfff273271b8a7fad3407e31b133d1a0a	55891	255
13	2022-05-16 20:39:01.668773+02	\\x70b3d57ed0050089	\\x0000000000000000	\\x0120ba21	\\x3c52cf686adb802a8d45d64da339b4ec	\\x3c52cf686adb802a8d45d64da339b4ec	\\x3c52cf686adb802a8d45d64da339b4ec	58309	255
14	2022-05-16 20:46:33.994202+02	\\x70b3d57ed0050089	\\x0000000000000000	\\x0049042c	\\xb995382f2c65fd5fe9206b2151111e94	\\xb995382f2c65fd5fe9206b2151111e94	\\xb995382f2c65fd5fe9206b2151111e94	4594	255
15	2022-05-16 20:52:45.439307+02	\\x70b3d57ed0050089	\\x0000000000000000	\\x0156b485	\\x1fc8a201098de0c6bd2984f1698d1dca	\\x1fc8a201098de0c6bd2984f1698d1dca	\\x1fc8a201098de0c6bd2984f1698d1dca	48075	255
16	2022-05-16 21:01:53.833449+02	\\x70b3d57ed0050089	\\x0000000000000000	\\x01417f9b	\\x08028ecfb79ef143b2abfdc97f59eb3a	\\x08028ecfb79ef143b2abfdc97f59eb3a	\\x08028ecfb79ef143b2abfdc97f59eb3a	8066	255
17	2022-05-16 21:05:35.880486+02	\\x70b3d57ed0050089	\\x0000000000000000	\\x00a78ae3	\\x011169b74afebc7d019e5f14fc6b6c96	\\x011169b74afebc7d019e5f14fc6b6c96	\\x011169b74afebc7d019e5f14fc6b6c96	52241	255
18	2022-05-16 21:40:08.554278+02	\\x70b3d57ed0050089	\\x0000000000000000	\\x00fe884a	\\x98cb730d3879e6b9e3b0d58f186828f8	\\x98cb730d3879e6b9e3b0d58f186828f8	\\x98cb730d3879e6b9e3b0d58f186828f8	42459	255
19	2022-05-17 16:56:59.680364+02	\\x70b3d57ed0050089	\\x0000000000000000	\\x0031980e	\\x1c83c4538ff4d4e6c634164f8d9cac69	\\x1c83c4538ff4d4e6c634164f8d9cac69	\\x1c83c4538ff4d4e6c634164f8d9cac69	29924	255
20	2022-05-17 17:00:12.628253+02	\\x70b3d57ed0050089	\\x0000000000000000	\\x015d08c5	\\x8d5288e6ce417e9ffdea8d2d5374e768	\\x8d5288e6ce417e9ffdea8d2d5374e768	\\x8d5288e6ce417e9ffdea8d2d5374e768	8447	255
21	2022-05-18 13:07:39.303486+02	\\x70b3d57ed0050089	\\x0000000000000000	\\x019b1ec8	\\x68471d41b1f5cae6e6812935a00f950d	\\x68471d41b1f5cae6e6812935a00f950d	\\x68471d41b1f5cae6e6812935a00f950d	18157	255
22	2022-05-18 13:16:33.541988+02	\\x70b3d57ed0050089	\\x0000000000000000	\\x00b7dcac	\\xb86f994355a297e2956924e1208c46a2	\\xb86f994355a297e2956924e1208c46a2	\\xb86f994355a297e2956924e1208c46a2	37828	255
23	2022-05-18 13:46:52.01462+02	\\x70b3d57ed0050089	\\x0000000000000000	\\x0115faca	\\x0c841f4bd0903705c6bbc9c98b00394e	\\x0c841f4bd0903705c6bbc9c98b00394e	\\x0c841f4bd0903705c6bbc9c98b00394e	57315	255
24	2022-05-18 13:51:25.933661+02	\\x70b3d57ed0050089	\\x0000000000000000	\\x00df492b	\\x33a5812f670def71ecd716e834e66d5d	\\x33a5812f670def71ecd716e834e66d5d	\\x33a5812f670def71ecd716e834e66d5d	21084	255
25	2022-05-18 14:18:04.007941+02	\\x70b3d57ed0050089	\\x0000000000000000	\\x01f14a11	\\xcdb4895cd7d9f3e013c72f92c12a9318	\\xcdb4895cd7d9f3e013c72f92c12a9318	\\xcdb4895cd7d9f3e013c72f92c12a9318	40512	255
26	2022-05-18 14:56:32.308206+02	\\x70b3d57ed0050089	\\x0000000000000000	\\x01e98bab	\\x374d35840743f7f1805d2a740a74567e	\\x374d35840743f7f1805d2a740a74567e	\\x374d35840743f7f1805d2a740a74567e	64766	255
27	2022-05-18 15:58:52.940922+02	\\x70b3d57ed0050089	\\x0000000000000000	\\x00bab92a	\\x9de7b1ab1cd940bcd26abb79b67b2222	\\x9de7b1ab1cd940bcd26abb79b67b2222	\\x9de7b1ab1cd940bcd26abb79b67b2222	12757	255
28	2022-05-18 16:02:47.410811+02	\\x70b3d57ed0050089	\\x0000000000000000	\\x00f93c22	\\xd482ae10a28f2e911afb2fd04a8031da	\\xd482ae10a28f2e911afb2fd04a8031da	\\xd482ae10a28f2e911afb2fd04a8031da	22353	255
29	2022-05-18 16:14:48.501054+02	\\x70b3d57ed0050089	\\x0000000000000000	\\x016d83f9	\\xcbfde3ba12c4d0bc3a7b8cba26f9fc60	\\xcbfde3ba12c4d0bc3a7b8cba26f9fc60	\\xcbfde3ba12c4d0bc3a7b8cba26f9fc60	10745	255
30	2022-05-18 16:17:05.788201+02	\\x70b3d57ed0050089	\\x0000000000000000	\\x00b2e5cd	\\x7b27beda46023428538870ed961c376a	\\x7b27beda46023428538870ed961c376a	\\x7b27beda46023428538870ed961c376a	39075	255
31	2022-05-18 16:22:24.583945+02	\\x70b3d57ed0050089	\\x0000000000000000	\\x01383af4	\\x138aa34c375bec8d27a1c21fff3d352e	\\x138aa34c375bec8d27a1c21fff3d352e	\\x138aa34c375bec8d27a1c21fff3d352e	38881	255
32	2022-05-18 16:26:57.919775+02	\\x70b3d57ed0050089	\\x0000000000000000	\\x00aca0ed	\\xd019d50d198612cd7447ab5a70aab0fa	\\xd019d50d198612cd7447ab5a70aab0fa	\\xd019d50d198612cd7447ab5a70aab0fa	57126	255
33	2022-05-18 16:31:50.894538+02	\\x70b3d57ed0050089	\\x0000000000000000	\\x01e1d086	\\x2997a3b4eded5d0a9a11caf372408eee	\\x2997a3b4eded5d0a9a11caf372408eee	\\x2997a3b4eded5d0a9a11caf372408eee	33711	255
34	2022-05-19 15:04:33.014043+02	\\x70b3d57ed0050089	\\x0000000000000000	\\x00376f00	\\x12c4e41b663bcc33e3e7a2999c7ded05	\\x12c4e41b663bcc33e3e7a2999c7ded05	\\x12c4e41b663bcc33e3e7a2999c7ded05	48079	255
35	2022-05-19 16:30:25.788433+02	\\x70b3d57ed0050089	\\x0000000000000000	\\x00063d72	\\x6fdea3bd9427fa02d85d5467aed4e828	\\x6fdea3bd9427fa02d85d5467aed4e828	\\x6fdea3bd9427fa02d85d5467aed4e828	48039	255
36	2022-05-23 15:28:56.36749+02	\\x70b3d57ed0050089	\\x0000000000000000	\\x01d2294b	\\xf94e2b1cca015f97b38dc8c782751ced	\\xf94e2b1cca015f97b38dc8c782751ced	\\xf94e2b1cca015f97b38dc8c782751ced	21784	255
37	2022-05-23 15:38:49.461171+02	\\x70b3d57ed0050089	\\x0000000000000000	\\x01bc3258	\\xf02d0d295e4c1ed8f9739ad1c7f5bff3	\\xf02d0d295e4c1ed8f9739ad1c7f5bff3	\\xf02d0d295e4c1ed8f9739ad1c7f5bff3	14557	255
38	2022-05-23 15:40:54.76823+02	\\x70b3d57ed0050089	\\x0000000000000000	\\x015e6a0e	\\x4921d7eb4124a723e05837909a31f77d	\\x4921d7eb4124a723e05837909a31f77d	\\x4921d7eb4124a723e05837909a31f77d	38593	255
39	2022-05-23 15:58:18.421906+02	\\x70b3d57ed0050089	\\x0000000000000000	\\x016f7152	\\x14a96c25db93524fe57c176a5ad65ca3	\\x14a96c25db93524fe57c176a5ad65ca3	\\x14a96c25db93524fe57c176a5ad65ca3	17581	255
40	2022-05-23 15:59:55.537436+02	\\x70b3d57ed0050089	\\x0000000000000000	\\x01002295	\\xdf87544c35ebfb51b962a2938e3f7369	\\xdf87544c35ebfb51b962a2938e3f7369	\\xdf87544c35ebfb51b962a2938e3f7369	47188	255
41	2022-05-23 16:03:16.678048+02	\\x70b3d57ed0050089	\\x0000000000000000	\\x00b67845	\\xb973e1a28b69d7da08e6f9dbc4cc8846	\\xb973e1a28b69d7da08e6f9dbc4cc8846	\\xb973e1a28b69d7da08e6f9dbc4cc8846	33447	255
42	2022-05-23 16:14:18.164458+02	\\x70b3d57ed0050089	\\x0000000000000000	\\x01c10284	\\x04ea91c065991d0c1ec12532a401d9d0	\\x04ea91c065991d0c1ec12532a401d9d0	\\x04ea91c065991d0c1ec12532a401d9d0	33279	255
43	2022-05-23 16:16:21.868843+02	\\x70b3d57ed0050089	\\x0000000000000000	\\x01c79626	\\x6812e085c3497bf45cf5e421cb998fd2	\\x6812e085c3497bf45cf5e421cb998fd2	\\x6812e085c3497bf45cf5e421cb998fd2	56071	255
44	2022-05-23 16:17:22.657906+02	\\x70b3d57ed0050089	\\x0000000000000000	\\x016e0d23	\\xd9afc12c03400721f15d782f3e9ca406	\\xd9afc12c03400721f15d782f3e9ca406	\\xd9afc12c03400721f15d782f3e9ca406	10396	255
45	2022-05-23 17:14:44.719323+02	\\x70b3d57ed0050089	\\x0000000000000000	\\x00869add	\\x7307714cb58101d18d6af1ba0503d287	\\x7307714cb58101d18d6af1ba0503d287	\\x7307714cb58101d18d6af1ba0503d287	55097	255
46	2022-05-23 17:16:37.926626+02	\\x70b3d57ed0050089	\\x0000000000000000	\\x0081cfa4	\\x75604c92f08039be517eb7e67a304df9	\\x75604c92f08039be517eb7e67a304df9	\\x75604c92f08039be517eb7e67a304df9	16626	255
47	2022-05-23 17:22:15.060889+02	\\x70b3d57ed0050089	\\x0000000000000000	\\x000abc1c	\\x6888806329a1907c1808e93f727d3354	\\x6888806329a1907c1808e93f727d3354	\\x6888806329a1907c1808e93f727d3354	24081	255
48	2022-05-23 17:27:43.19708+02	\\x70b3d57ed0050089	\\x0000000000000000	\\x0071142b	\\x5f9d64ad0c52b135bf43569725b70d21	\\x5f9d64ad0c52b135bf43569725b70d21	\\x5f9d64ad0c52b135bf43569725b70d21	34984	255
49	2022-05-25 12:26:22.308304+02	\\x70b3d57ed0050089	\\x0000000000000000	\\x01cd02d5	\\x6d7f553a170fc9bf6a33a483f4bd84bc	\\x6d7f553a170fc9bf6a33a483f4bd84bc	\\x6d7f553a170fc9bf6a33a483f4bd84bc	35347	255
50	2022-05-26 14:38:56.567858+02	\\x70b3d57ed0050089	\\x0000000000000000	\\x01e25446	\\xec0fc7124ab525cf6fb974775d228d0a	\\xec0fc7124ab525cf6fb974775d228d0a	\\xec0fc7124ab525cf6fb974775d228d0a	56745	255
51	2022-05-26 15:08:20.869463+02	\\x70b3d57ed0050089	\\x0000000000000000	\\x0026249b	\\x470c0742bb9151f10fe8d74bb36f909f	\\x470c0742bb9151f10fe8d74bb36f909f	\\x470c0742bb9151f10fe8d74bb36f909f	5510	255
52	2022-05-26 15:38:24.529226+02	\\x70b3d57ed0050089	\\x0000000000000000	\\x00512c9a	\\xfcc82e09ead6fad8cb64cb6a545c861c	\\xfcc82e09ead6fad8cb64cb6a545c861c	\\xfcc82e09ead6fad8cb64cb6a545c861c	25677	255
53	2022-05-30 13:18:00.493152+02	\\x70b3d57ed0050089	\\x0000000000000000	\\x0109ec09	\\x062a3797d67ea79dcdd5bd485b02c989	\\x062a3797d67ea79dcdd5bd485b02c989	\\x062a3797d67ea79dcdd5bd485b02c989	10827	255
54	2022-05-30 13:19:49.719148+02	\\x70b3d57ed0050089	\\x0000000000000000	\\x01e8347d	\\xa3fa6a95dc1e0a67b9ec41e44c5233c1	\\xa3fa6a95dc1e0a67b9ec41e44c5233c1	\\xa3fa6a95dc1e0a67b9ec41e44c5233c1	4338	255
55	2022-05-30 13:20:43.433421+02	\\x70b3d57ed0050089	\\x0000000000000000	\\x00c720ef	\\x3a75ef13c151860a77e7312a7200cb14	\\x3a75ef13c151860a77e7312a7200cb14	\\x3a75ef13c151860a77e7312a7200cb14	46490	255
56	2022-05-30 13:21:04.155162+02	\\x70b3d57ed0050089	\\x0000000000000000	\\x000741b1	\\x76e87e6ccfc6d35a1a1c45b259d828fd	\\x76e87e6ccfc6d35a1a1c45b259d828fd	\\x76e87e6ccfc6d35a1a1c45b259d828fd	43644	255
57	2022-05-30 13:31:15.307101+02	\\x70b3d57ed0050089	\\x0000000000000000	\\x00b90890	\\xab0ae41988e589f46d487032fe7d2bee	\\xab0ae41988e589f46d487032fe7d2bee	\\xab0ae41988e589f46d487032fe7d2bee	22043	255
58	2022-05-30 14:54:25.667674+02	\\x70b3d57ed0050089	\\x0000000000000000	\\x01abd30f	\\x39152e14e46c02bb27595c686dbc40ad	\\x39152e14e46c02bb27595c686dbc40ad	\\x39152e14e46c02bb27595c686dbc40ad	5922	255
59	2022-05-30 14:54:59.610633+02	\\x70b3d57ed0050089	\\x0000000000000000	\\x0125f893	\\xf41b29cd47c095fc6e5c68d722c8bd62	\\xf41b29cd47c095fc6e5c68d722c8bd62	\\xf41b29cd47c095fc6e5c68d722c8bd62	30686	255
60	2022-05-30 14:56:15.206221+02	\\x70b3d57ed0050089	\\x0101010101010101	\\x00a004c1	\\x78934e700b540cd0d572a1d8096a7cfb	\\x78934e700b540cd0d572a1d8096a7cfb	\\x78934e700b540cd0d572a1d8096a7cfb	5240	255
61	2022-05-30 15:01:50.693114+02	\\x70b3d57ed0050089	\\x0101010101010101	\\x008d762e	\\xc057f4840e63e6377bce5a9d4b3c8ed5	\\xc057f4840e63e6377bce5a9d4b3c8ed5	\\xc057f4840e63e6377bce5a9d4b3c8ed5	9183	255
62	2022-05-30 15:12:52.697679+02	\\x70b3d57ed0050089	\\x0101010101010101	\\x00f30a34	\\x971237d5043190dced9fbf55f734bb01	\\x971237d5043190dced9fbf55f734bb01	\\x971237d5043190dced9fbf55f734bb01	54822	255
63	2022-05-30 15:18:07.000259+02	\\x70b3d57ed0050089	\\x0101010101010101	\\x01236f8d	\\x77e15ebe0d1825af83f92c0c0a7ab5e7	\\x77e15ebe0d1825af83f92c0c0a7ab5e7	\\x77e15ebe0d1825af83f92c0c0a7ab5e7	57326	255
64	2022-06-01 13:59:19.298226+02	\\x70b3d57ed0050089	\\x0101010101010101	\\x01aa0192	\\x9d184b1ae1a28cad1c1c9534ad15d630	\\x9d184b1ae1a28cad1c1c9534ad15d630	\\x9d184b1ae1a28cad1c1c9534ad15d630	61380	255
65	2022-06-01 14:15:01.184552+02	\\x70b3d57ed0050089	\\x0101010101010101	\\x01a21567	\\x638102c0feaa7469870ca50b951de9fc	\\x638102c0feaa7469870ca50b951de9fc	\\x638102c0feaa7469870ca50b951de9fc	7281	255
66	2022-06-01 14:21:38.849596+02	\\x70b3d57ed0050089	\\x0101010101010101	\\x00c8493a	\\x4a485eac96c5100d538dfe91f6f92169	\\x4a485eac96c5100d538dfe91f6f92169	\\x4a485eac96c5100d538dfe91f6f92169	40356	255
67	2022-06-01 14:41:26.711095+02	\\x70b3d57ed0050089	\\x0101010101010101	\\x008607a7	\\xdd7b82da045e3af50cc1a475b4c12f97	\\xdd7b82da045e3af50cc1a475b4c12f97	\\xdd7b82da045e3af50cc1a475b4c12f97	38693	255
68	2022-06-01 15:45:05.573372+02	\\x70b3d57ed0050089	\\x0101010101010101	\\x00807585	\\x25260304431580a3b8effaa831e65df0	\\x25260304431580a3b8effaa831e65df0	\\x25260304431580a3b8effaa831e65df0	15329	255
69	2022-06-01 15:46:59.06308+02	\\x70b3d57ed0050089	\\x0101010101010101	\\x0158c0db	\\x3021740f04de0d380fe7f064721d928a	\\x3021740f04de0d380fe7f064721d928a	\\x3021740f04de0d380fe7f064721d928a	19084	255
70	2022-06-01 15:57:01.424616+02	\\x70b3d57ed0050089	\\x0101010101010101	\\x01128c25	\\x975061ff0760e632c3c7b3005e2c903c	\\x975061ff0760e632c3c7b3005e2c903c	\\x975061ff0760e632c3c7b3005e2c903c	2892	255
71	2022-06-01 15:57:38.213114+02	\\x70b3d57ed0050089	\\x0101010101010101	\\x012fb3a9	\\x749085456088c6d5af8eeb2ca0d375fd	\\x749085456088c6d5af8eeb2ca0d375fd	\\x749085456088c6d5af8eeb2ca0d375fd	15307	255
72	2022-06-01 15:59:45.566637+02	\\x70b3d57ed0050089	\\x0101010101010101	\\x00356982	\\x96f00765bb1ab588941fc3a70acf8761	\\x96f00765bb1ab588941fc3a70acf8761	\\x96f00765bb1ab588941fc3a70acf8761	22190	255
73	2022-06-01 16:32:48.20292+02	\\x70b3d57ed0050089	\\x0101010101010101	\\x00b784ce	\\xfcbef60c2de27c7bc8d7f5c80dca5055	\\xfcbef60c2de27c7bc8d7f5c80dca5055	\\xfcbef60c2de27c7bc8d7f5c80dca5055	28335	255
74	2022-06-01 16:33:09.072133+02	\\x70b3d57ed0050089	\\x0101010101010101	\\x01a21744	\\x4a7b8f49d57ee78e8226dfbfd65a36c5	\\x4a7b8f49d57ee78e8226dfbfd65a36c5	\\x4a7b8f49d57ee78e8226dfbfd65a36c5	39068	255
75	2022-06-01 16:37:00.760739+02	\\x70b3d57ed0050089	\\x0101010101010101	\\x0023c513	\\x8876e65a086db0a15b7939a5d865e6a8	\\x8876e65a086db0a15b7939a5d865e6a8	\\x8876e65a086db0a15b7939a5d865e6a8	39404	255
76	2022-06-01 16:37:10.9026+02	\\x70b3d57ed0050089	\\x0101010101010101	\\x01b25343	\\xff87502eba05c9eb63572b52bafd75ee	\\xff87502eba05c9eb63572b52bafd75ee	\\xff87502eba05c9eb63572b52bafd75ee	36623	255
77	2022-06-02 15:42:37.496605+02	\\x70b3d57ed0050089	\\x0101010101010101	\\x018ab6e4	\\x82c685f754760cbad8884b04895f8a55	\\x82c685f754760cbad8884b04895f8a55	\\x82c685f754760cbad8884b04895f8a55	5249	255
78	2022-06-03 17:15:47.107909+02	\\x70b3d57ed0050089	\\x0101010101010101	\\x00d16905	\\x1e3517a3f6b7e989b7d8b9089e1c7eaa	\\x1e3517a3f6b7e989b7d8b9089e1c7eaa	\\x1e3517a3f6b7e989b7d8b9089e1c7eaa	44551	255
79	2022-06-03 17:33:06.432463+02	\\x70b3d57ed0050089	\\x0101010101010101	\\x0199749d	\\x117ebe3faaa51b6e1020509fe2c38c74	\\x117ebe3faaa51b6e1020509fe2c38c74	\\x117ebe3faaa51b6e1020509fe2c38c74	26015	255
80	2022-06-06 16:23:14.188779+02	\\x70b3d57ed0050089	\\x0101010101010101	\\x01ba25d8	\\xfa440d6ff1349bd7b3eb55f852a7e364	\\xfa440d6ff1349bd7b3eb55f852a7e364	\\xfa440d6ff1349bd7b3eb55f852a7e364	25994	255
81	2022-06-06 16:27:25.803744+02	\\x70b3d57ed0050089	\\x0101010101010101	\\x00eecc02	\\xca3f9b0373fa8f808a43886379bf2764	\\xca3f9b0373fa8f808a43886379bf2764	\\xca3f9b0373fa8f808a43886379bf2764	23903	255
82	2022-06-06 16:27:58.400132+02	\\x70b3d57ed0050089	\\x0101010101010101	\\x01864bab	\\xade096270351b5d46d179ba885a9f581	\\xade096270351b5d46d179ba885a9f581	\\xade096270351b5d46d179ba885a9f581	19743	255
83	2022-06-09 16:44:00.1599+02	\\x70b3d57ed0050089	\\x0101010101010101	\\x01d48876	\\x48f702d5fa5f6e1938f795b263563ea8	\\x48f702d5fa5f6e1938f795b263563ea8	\\x48f702d5fa5f6e1938f795b263563ea8	25517	255
84	2022-06-09 17:17:26.249157+02	\\x70b3d57ed0050089	\\x0101010101010101	\\x01144edc	\\xdde871770ac202481bbf61212e39fa0d	\\xdde871770ac202481bbf61212e39fa0d	\\xdde871770ac202481bbf61212e39fa0d	24187	255
85	2022-06-09 17:24:18.03942+02	\\x70b3d57ed0050089	\\x0101010101010101	\\x00f86b81	\\x747dda285d82b83464e9fe636f55b1b6	\\x747dda285d82b83464e9fe636f55b1b6	\\x747dda285d82b83464e9fe636f55b1b6	39137	255
86	2022-06-09 17:27:35.736091+02	\\x70b3d57ed0050089	\\x0101010101010101	\\x00ba3369	\\xa823b2e230fe3ab9cc9e96e82d6d4b06	\\xa823b2e230fe3ab9cc9e96e82d6d4b06	\\xa823b2e230fe3ab9cc9e96e82d6d4b06	26497	255
87	2022-06-09 17:29:09.095281+02	\\x70b3d57ed0050089	\\x0101010101010101	\\x006f2420	\\x2969d91bfd28eaa9ebc4b3ca80e50ae6	\\x2969d91bfd28eaa9ebc4b3ca80e50ae6	\\x2969d91bfd28eaa9ebc4b3ca80e50ae6	52047	255
88	2022-06-09 17:31:11.752516+02	\\x70b3d57ed0050089	\\x0101010101010101	\\x003d3fd3	\\x38dce7f0e64de585cc6f43cb68b1f22e	\\x38dce7f0e64de585cc6f43cb68b1f22e	\\x38dce7f0e64de585cc6f43cb68b1f22e	47272	255
89	2022-06-09 17:40:32.828757+02	\\x70b3d57ed0050089	\\x0101010101010101	\\x00263d50	\\xd6979777d44adf5be6cd0d51e1dfc5bc	\\xd6979777d44adf5be6cd0d51e1dfc5bc	\\xd6979777d44adf5be6cd0d51e1dfc5bc	13799	255
90	2022-06-09 17:44:17.962914+02	\\x70b3d57ed0050089	\\x0101010101010101	\\x01118a2a	\\xf3235ee11258482fd832d8640efeaf4b	\\xf3235ee11258482fd832d8640efeaf4b	\\xf3235ee11258482fd832d8640efeaf4b	62150	255
91	2022-06-09 17:46:30.170804+02	\\x70b3d57ed0050089	\\x0101010101010101	\\x011fa37b	\\x71d232f94e112375fc2ef10b7fe70426	\\x71d232f94e112375fc2ef10b7fe70426	\\x71d232f94e112375fc2ef10b7fe70426	19596	255
92	2022-06-09 17:49:25.31354+02	\\x70b3d57ed0050089	\\x0101010101010101	\\x00aab5bd	\\xfbd16279226222005f72deed25925c33	\\xfbd16279226222005f72deed25925c33	\\xfbd16279226222005f72deed25925c33	48081	255
93	2022-06-09 17:54:17.190984+02	\\x70b3d57ed0050089	\\x0101010101010101	\\x01c5a5c3	\\xc26516ba0b56ccc14337c39a566cb86f	\\xc26516ba0b56ccc14337c39a566cb86f	\\xc26516ba0b56ccc14337c39a566cb86f	25807	255
94	2022-06-09 18:06:10.708102+02	\\x70b3d57ed0050089	\\x0101010101010101	\\x0010f627	\\x78d2c5834fe30a12fc9479f8464b9142	\\x78d2c5834fe30a12fc9479f8464b9142	\\x78d2c5834fe30a12fc9479f8464b9142	55286	255
95	2022-06-09 18:07:42.526289+02	\\x70b3d57ed0050089	\\x0101010101010101	\\x00414d05	\\x178d3474656fcd8c6fb212e6fba4c02e	\\x178d3474656fcd8c6fb212e6fba4c02e	\\x178d3474656fcd8c6fb212e6fba4c02e	21507	255
96	2022-06-09 18:07:58.864959+02	\\x70b3d57ed0050089	\\x0101010101010101	\\x00746dbb	\\xe93133d213cfd2df92defa9518d355fc	\\xe93133d213cfd2df92defa9518d355fc	\\xe93133d213cfd2df92defa9518d355fc	6560	255
97	2022-06-09 18:08:07.407971+02	\\x70b3d57ed0050089	\\x0101010101010101	\\x0095525c	\\x481f12cefa8c6e305ffd337adacbbc7f	\\x481f12cefa8c6e305ffd337adacbbc7f	\\x481f12cefa8c6e305ffd337adacbbc7f	25141	255
98	2022-06-09 18:11:53.564991+02	\\x70b3d57ed0050089	\\x0101010101010101	\\x00bc23ca	\\x19c3b57e50b2edde1c15fb64e0cf4419	\\x19c3b57e50b2edde1c15fb64e0cf4419	\\x19c3b57e50b2edde1c15fb64e0cf4419	7220	255
99	2022-06-09 18:12:58.221386+02	\\x70b3d57ed0050089	\\x0101010101010101	\\x00a44fc6	\\xf39dace94a6600c60fccdd7fbe87ac59	\\xf39dace94a6600c60fccdd7fbe87ac59	\\xf39dace94a6600c60fccdd7fbe87ac59	41943	255
100	2022-06-10 11:57:26.518111+02	\\x70b3d57ed0050089	\\x0101010101010101	\\x013ffebd	\\x954d0406808be5ee41af447812ae449b	\\x954d0406808be5ee41af447812ae449b	\\x954d0406808be5ee41af447812ae449b	13717	255
101	2022-06-10 11:58:17.654785+02	\\x70b3d57ed0050089	\\x0101010101010101	\\x010c71cf	\\xfbb09550aefc7cd0a6f35c866bc3198c	\\xfbb09550aefc7cd0a6f35c866bc3198c	\\xfbb09550aefc7cd0a6f35c866bc3198c	41307	255
102	2022-06-10 12:05:29.477413+02	\\x70b3d57ed0050089	\\x0101010101010101	\\x0027a075	\\xfbb1fbac5f7643261948414af7317b18	\\xfbb1fbac5f7643261948414af7317b18	\\xfbb1fbac5f7643261948414af7317b18	730	255
103	2022-06-10 12:14:39.874198+02	\\x70b3d57ed0050089	\\x0101010101010101	\\x01099303	\\xc98d28276fd24a19aa43a54268110784	\\xc98d28276fd24a19aa43a54268110784	\\xc98d28276fd24a19aa43a54268110784	29850	255
104	2022-06-10 12:18:02.758229+02	\\x70b3d57ed0050089	\\x0101010101010101	\\x00077466	\\x8b174fe06ea10a53dda474c05513034e	\\x8b174fe06ea10a53dda474c05513034e	\\x8b174fe06ea10a53dda474c05513034e	3956	255
105	2022-06-10 12:21:03.176974+02	\\x70b3d57ed0050089	\\x0101010101010101	\\x006828f3	\\x9d03bb91637f00814d4d4ebd4d8a00ac	\\x9d03bb91637f00814d4d4ebd4d8a00ac	\\x9d03bb91637f00814d4d4ebd4d8a00ac	36985	255
106	2022-06-10 12:27:40.841998+02	\\x70b3d57ed0050089	\\x0101010101010101	\\x014cde35	\\x7c4e4a163595f1de93302839abad02bf	\\x7c4e4a163595f1de93302839abad02bf	\\x7c4e4a163595f1de93302839abad02bf	64633	255
107	2022-06-10 12:27:50.714888+02	\\x70b3d57ed0050089	\\x0101010101010101	\\x00bfb095	\\xfa523ab4ab38cb57aae6d5c10ac454a9	\\xfa523ab4ab38cb57aae6d5c10ac454a9	\\xfa523ab4ab38cb57aae6d5c10ac454a9	2808	255
108	2022-06-10 13:45:09.153251+02	\\x70b3d57ed0050089	\\x0101010101010101	\\x00d283a0	\\xe99a9d18188bbd17c5db2ba8e75b7fea	\\xe99a9d18188bbd17c5db2ba8e75b7fea	\\xe99a9d18188bbd17c5db2ba8e75b7fea	45304	255
109	2022-06-10 15:54:42.267679+02	\\x70b3d57ed0050089	\\x0101010101010101	\\x008d096e	\\x419da18f5d14e1c18f334465a12817e9	\\x419da18f5d14e1c18f334465a12817e9	\\x419da18f5d14e1c18f334465a12817e9	25935	255
110	2022-06-10 16:03:55.059257+02	\\x70b3d57ed0050089	\\x0101010101010101	\\x0032fb21	\\x04ff44ba079aa2ff20b360f59ef4babd	\\x04ff44ba079aa2ff20b360f59ef4babd	\\x04ff44ba079aa2ff20b360f59ef4babd	50102	255
111	2022-06-10 16:06:04.74177+02	\\x70b3d57ed0050089	\\x0101010101010101	\\x0117278d	\\xcd9803f4431b2c6fa51df0427b331333	\\xcd9803f4431b2c6fa51df0427b331333	\\xcd9803f4431b2c6fa51df0427b331333	35650	255
112	2022-06-13 16:45:23.608529+02	\\x70b3d57ed0050089	\\x0101010101010101	\\x01205803	\\xaa67ab5b88478419e5f4afc3a78b97ea	\\xaa67ab5b88478419e5f4afc3a78b97ea	\\xaa67ab5b88478419e5f4afc3a78b97ea	54198	255
113	2022-06-13 17:03:29.32562+02	\\x70b3d57ed0050089	\\x0101010101010101	\\x005eb71c	\\xeabcab8b0e778c4d5a70268ea11cdbc8	\\xeabcab8b0e778c4d5a70268ea11cdbc8	\\xeabcab8b0e778c4d5a70268ea11cdbc8	40947	255
114	2022-06-13 17:03:50.578538+02	\\x70b3d57ed0050089	\\x0101010101010101	\\x00f4c5f5	\\xc787d6e4fcb21c2665e6d11342a78c92	\\xc787d6e4fcb21c2665e6d11342a78c92	\\xc787d6e4fcb21c2665e6d11342a78c92	12227	255
115	2022-06-13 17:07:42.101344+02	\\x70b3d57ed0050089	\\x0101010101010101	\\x002b1458	\\x9995ff4acd2b63366fdba49565a2d99c	\\x9995ff4acd2b63366fdba49565a2d99c	\\x9995ff4acd2b63366fdba49565a2d99c	21214	255
116	2022-06-13 18:13:52.656653+02	\\x70b3d57ed0050089	\\x0101010101010101	\\x01dc14ba	\\x09384cb878ff9039d79c4c8f0703e7ae	\\x09384cb878ff9039d79c4c8f0703e7ae	\\x09384cb878ff9039d79c4c8f0703e7ae	22884	255
117	2022-06-16 13:22:55.918082+02	\\x70b3d57ed0050089	\\x0101010101010101	\\x017db535	\\x63ced42e5f98ab4efe715d3e71bb959e	\\x63ced42e5f98ab4efe715d3e71bb959e	\\x63ced42e5f98ab4efe715d3e71bb959e	14736	255
118	2022-06-16 14:44:28.693644+02	\\x70b3d57ed0050089	\\x0101010101010101	\\x000ef262	\\x3a2823fc6bffffb115b3f134c2bf5813	\\x3a2823fc6bffffb115b3f134c2bf5813	\\x3a2823fc6bffffb115b3f134c2bf5813	63686	255
119	2022-06-16 14:46:28.409624+02	\\x70b3d57ed0050089	\\x0101010101010101	\\x01e67351	\\x8328f24af395c4a00d0e7544c1dfbf88	\\x8328f24af395c4a00d0e7544c1dfbf88	\\x8328f24af395c4a00d0e7544c1dfbf88	50919	255
120	2022-06-16 14:53:32.992601+02	\\x70b3d57ed0050089	\\x0101010101010101	\\x00618322	\\x238eeadb58f1c974db39e319858ce781	\\x238eeadb58f1c974db39e319858ce781	\\x238eeadb58f1c974db39e319858ce781	23690	255
121	2022-06-16 17:01:46.981693+02	\\x70b3d57ed0050089	\\x0101010101010101	\\x0195834e	\\x7dbbf2fdb03cb965d56a80f86955c211	\\x7dbbf2fdb03cb965d56a80f86955c211	\\x7dbbf2fdb03cb965d56a80f86955c211	6178	255
122	2022-06-16 17:10:49.443799+02	\\x70b3d57ed0050089	\\x0101010101010101	\\x015831d6	\\x37aa96c040f1e7827eb6bd807e9bb5f2	\\x37aa96c040f1e7827eb6bd807e9bb5f2	\\x37aa96c040f1e7827eb6bd807e9bb5f2	30690	255
123	2022-06-16 17:11:44.021317+02	\\x70b3d57ed0050089	\\x0101010101010101	\\x00b320c5	\\x42741406029e5e1f0541ef1a70ab3e23	\\x42741406029e5e1f0541ef1a70ab3e23	\\x42741406029e5e1f0541ef1a70ab3e23	18007	255
124	2022-06-16 17:12:12.193055+02	\\x70b3d57ed0050089	\\x0101010101010101	\\x0163f706	\\xbb22c22ff7d1bb74fbb53dc42cde7446	\\xbb22c22ff7d1bb74fbb53dc42cde7446	\\xbb22c22ff7d1bb74fbb53dc42cde7446	64178	255
125	2022-06-16 17:15:05.438795+02	\\x70b3d57ed0050089	\\x0101010101010101	\\x0140bfbb	\\x0d2dc5d84e7453ad2df2937e6ae8a277	\\x0d2dc5d84e7453ad2df2937e6ae8a277	\\x0d2dc5d84e7453ad2df2937e6ae8a277	26174	255
126	2022-06-16 17:16:28.708547+02	\\x70b3d57ed0050089	\\x0101010101010101	\\x00665337	\\x60fe6c0e7378b78059c2c82ffcb05e8d	\\x60fe6c0e7378b78059c2c82ffcb05e8d	\\x60fe6c0e7378b78059c2c82ffcb05e8d	60151	255
127	2022-06-16 17:36:34.233646+02	\\x70b3d57ed0050089	\\x0101010101010101	\\x00ad29d4	\\xfcfafcb48232cf964423d41f26cac17e	\\xfcfafcb48232cf964423d41f26cac17e	\\xfcfafcb48232cf964423d41f26cac17e	47543	255
128	2022-06-16 17:43:18.541972+02	\\x70b3d57ed0050089	\\x0101010101010101	\\x00e825e3	\\x945dae6fdae434ee2fb313591e9b4b2b	\\x945dae6fdae434ee2fb313591e9b4b2b	\\x945dae6fdae434ee2fb313591e9b4b2b	38879	255
129	2022-06-16 17:44:17.194181+02	\\x70b3d57ed0050089	\\x0101010101010101	\\x01a36472	\\xe1c96a3188a9a684c586c5cb8c5dbde9	\\xe1c96a3188a9a684c586c5cb8c5dbde9	\\xe1c96a3188a9a684c586c5cb8c5dbde9	21284	255
130	2022-06-16 17:44:28.306444+02	\\x70b3d57ed0050089	\\x0101010101010101	\\x00a71f44	\\x5afdea8d207a86bca6393e2026ef01c2	\\x5afdea8d207a86bca6393e2026ef01c2	\\x5afdea8d207a86bca6393e2026ef01c2	54776	255
131	2022-06-16 17:49:00.175713+02	\\x70b3d57ed0050089	\\x0101010101010101	\\x006053b9	\\x39a618dd626d23510101ef12bea74821	\\x39a618dd626d23510101ef12bea74821	\\x39a618dd626d23510101ef12bea74821	24591	255
132	2022-06-16 23:26:21.880292+02	\\x70b3d57ed0050089	\\x0101010101010101	\\x005fef4d	\\x9ff66719185b0b6830f72e502ace89a0	\\x9ff66719185b0b6830f72e502ace89a0	\\x9ff66719185b0b6830f72e502ace89a0	28812	255
133	2022-06-16 23:41:33.435709+02	\\x70b3d57ed0050089	\\x0101010101010101	\\x0117d55b	\\xecb24192e70f5d7c5134fd31a583d9eb	\\xecb24192e70f5d7c5134fd31a583d9eb	\\xecb24192e70f5d7c5134fd31a583d9eb	52755	255
134	2022-06-17 01:20:38.04721+02	\\x70b3d57ed0050089	\\x0101010101010101	\\x00eb9788	\\xb47dbb603ad60a78bf1bc00325cb9303	\\xb47dbb603ad60a78bf1bc00325cb9303	\\xb47dbb603ad60a78bf1bc00325cb9303	27974	255
135	2022-06-17 01:53:38.683683+02	\\x70b3d57ed0050089	\\x0101010101010101	\\x00c74235	\\xd9f54fc9ab974191e3393b4eea4f0eb3	\\xd9f54fc9ab974191e3393b4eea4f0eb3	\\xd9f54fc9ab974191e3393b4eea4f0eb3	8367	255
136	2022-06-21 17:56:27.915142+02	\\x70b3d57ed0050089	\\x0101010101010101	\\x01727578	\\xed19a13228a68078b26a4c09fac0bdb4	\\xed19a13228a68078b26a4c09fac0bdb4	\\xed19a13228a68078b26a4c09fac0bdb4	31780	255
137	2022-06-21 18:04:17.086449+02	\\x70b3d57ed0050089	\\x0101010101010101	\\x008fa4b3	\\x75f42ccbb9c534093916f383adbd6302	\\x75f42ccbb9c534093916f383adbd6302	\\x75f42ccbb9c534093916f383adbd6302	30135	255
138	2022-06-21 18:10:17.308816+02	\\x70b3d57ed0050089	\\x0101010101010101	\\x005278dc	\\x88ee872b02e554eca5b4c3b18356a01d	\\x88ee872b02e554eca5b4c3b18356a01d	\\x88ee872b02e554eca5b4c3b18356a01d	49631	255
139	2022-06-21 18:23:49.524267+02	\\x70b3d57ed0050089	\\x0101010101010101	\\x01c7bbd6	\\x9ea8caed1b6b663e4752ce4780034e69	\\x9ea8caed1b6b663e4752ce4780034e69	\\x9ea8caed1b6b663e4752ce4780034e69	9660	255
140	2022-06-21 18:32:20.876089+02	\\x70b3d57ed0050089	\\x0101010101010101	\\x01d0f7bd	\\xdc4bf7c8cc1b719b6864c8d038ded202	\\xdc4bf7c8cc1b719b6864c8d038ded202	\\xdc4bf7c8cc1b719b6864c8d038ded202	3681	255
141	2022-06-21 18:34:12.389547+02	\\x70b3d57ed0050089	\\x0101010101010101	\\x017ecf43	\\x104729cb6dd89d41c7ede2678f980e98	\\x104729cb6dd89d41c7ede2678f980e98	\\x104729cb6dd89d41c7ede2678f980e98	40841	255
142	2022-06-21 18:35:42.62292+02	\\x70b3d57ed0050089	\\x0101010101010101	\\x0132898c	\\x99fb1c281e801a139b121946bac4b724	\\x99fb1c281e801a139b121946bac4b724	\\x99fb1c281e801a139b121946bac4b724	32998	255
143	2022-06-21 18:41:55.085255+02	\\x70b3d57ed0050089	\\x0101010101010101	\\x004f9d73	\\x44d38b2af656e438e7323924e69710f6	\\x44d38b2af656e438e7323924e69710f6	\\x44d38b2af656e438e7323924e69710f6	16391	255
144	2022-06-21 18:43:21.234147+02	\\x70b3d57ed0050089	\\x0101010101010101	\\x012de4b0	\\xf5b4f706383f207065d8052f9ebc84e3	\\xf5b4f706383f207065d8052f9ebc84e3	\\xf5b4f706383f207065d8052f9ebc84e3	17355	255
145	2022-06-21 18:45:06.770422+02	\\x70b3d57ed0050089	\\x0101010101010101	\\x01509675	\\xa14c9b1ae710b1837594bf59c679c66c	\\xa14c9b1ae710b1837594bf59c679c66c	\\xa14c9b1ae710b1837594bf59c679c66c	23397	255
146	2022-06-21 18:48:19.184429+02	\\x70b3d57ed0050089	\\x0101010101010101	\\x01ede8a1	\\xb6c82ce86949c03c93a330f199773560	\\xb6c82ce86949c03c93a330f199773560	\\xb6c82ce86949c03c93a330f199773560	4896	255
147	2022-06-21 18:50:18.939196+02	\\x70b3d57ed0050089	\\x0101010101010101	\\x004e9832	\\x1328cd31d8415609ec8d7604938950e8	\\x1328cd31d8415609ec8d7604938950e8	\\x1328cd31d8415609ec8d7604938950e8	17976	255
148	2022-06-21 18:50:32.974155+02	\\x70b3d57ed0050089	\\x0101010101010101	\\x01a7cb1d	\\x2f9d72e63c87ce2155637b7addb68ba3	\\x2f9d72e63c87ce2155637b7addb68ba3	\\x2f9d72e63c87ce2155637b7addb68ba3	30939	255
149	2022-06-21 18:58:28.407325+02	\\x70b3d57ed0050089	\\x0101010101010101	\\x01425adc	\\xa57a698b00f4ae893f3dc1ca50de2276	\\xa57a698b00f4ae893f3dc1ca50de2276	\\xa57a698b00f4ae893f3dc1ca50de2276	17776	255
150	2022-06-21 18:58:31.140195+02	\\x70b3d57ed0050089	\\x0101010101010101	\\x000c3e8c	\\x5bb2e44b785ca3a10ec844f94ea4c423	\\x5bb2e44b785ca3a10ec844f94ea4c423	\\x5bb2e44b785ca3a10ec844f94ea4c423	46175	255
151	2022-06-21 19:00:13.046094+02	\\x70b3d57ed0050089	\\x0101010101010101	\\x01a9c510	\\xb8f4f7d0409e38cc9282fd7f0e60fe09	\\xb8f4f7d0409e38cc9282fd7f0e60fe09	\\xb8f4f7d0409e38cc9282fd7f0e60fe09	3240	255
152	2022-06-21 19:15:17.361049+02	\\x70b3d57ed0050089	\\x0101010101010101	\\x00188067	\\x2bc21964d05f8f9818150b2283316e69	\\x2bc21964d05f8f9818150b2283316e69	\\x2bc21964d05f8f9818150b2283316e69	9590	255
153	2022-06-21 19:17:27.235672+02	\\x70b3d57ed0050089	\\x0101010101010101	\\x004f55a2	\\xdb62f61aa585ed3f3bb9e81a4cdcd527	\\xdb62f61aa585ed3f3bb9e81a4cdcd527	\\xdb62f61aa585ed3f3bb9e81a4cdcd527	61674	255
154	2022-06-21 19:18:33.696532+02	\\x70b3d57ed0050089	\\x0101010101010101	\\x01c4b9c7	\\x431b68ab8656bd02d5f5af6dd699c4ed	\\x431b68ab8656bd02d5f5af6dd699c4ed	\\x431b68ab8656bd02d5f5af6dd699c4ed	24376	255
155	2022-06-21 19:28:53.132943+02	\\x70b3d57ed0050089	\\x0101010101010101	\\x001d625c	\\xeaa5200fbb6acc1d14ead4cdd27987a9	\\xeaa5200fbb6acc1d14ead4cdd27987a9	\\xeaa5200fbb6acc1d14ead4cdd27987a9	37703	255
156	2022-06-21 19:44:17.007866+02	\\x70b3d57ed0050089	\\x0101010101010101	\\x003e30a5	\\x4d3f61d67ab1cf14593f7f2cf6fe912b	\\x4d3f61d67ab1cf14593f7f2cf6fe912b	\\x4d3f61d67ab1cf14593f7f2cf6fe912b	18359	255
157	2022-06-21 19:50:51.575426+02	\\x70b3d57ed0050089	\\x0101010101010101	\\x0078b32d	\\x7809158c5cc7c724eaf5c540be3496b8	\\x7809158c5cc7c724eaf5c540be3496b8	\\x7809158c5cc7c724eaf5c540be3496b8	23303	255
158	2022-06-21 20:07:59.411897+02	\\x70b3d57ed0050089	\\x0101010101010101	\\x0118c310	\\xa9b7e61794499bc12e85c960c7ff05ab	\\xa9b7e61794499bc12e85c960c7ff05ab	\\xa9b7e61794499bc12e85c960c7ff05ab	56403	255
159	2022-06-21 20:11:02.779667+02	\\x70b3d57ed0050089	\\x0101010101010101	\\x01bb43b6	\\x6437e9abd1844c801696d36573d127c3	\\x6437e9abd1844c801696d36573d127c3	\\x6437e9abd1844c801696d36573d127c3	54448	255
160	2022-06-21 20:14:35.42878+02	\\x70b3d57ed0050089	\\x0101010101010101	\\x01d71606	\\x24875f1e1322aed19c753d21d99e9af5	\\x24875f1e1322aed19c753d21d99e9af5	\\x24875f1e1322aed19c753d21d99e9af5	57579	255
161	2022-06-21 20:23:00.129257+02	\\x70b3d57ed0050089	\\x0101010101010101	\\x01e5648d	\\x7da0db843b17c7c906293ad4108819eb	\\x7da0db843b17c7c906293ad4108819eb	\\x7da0db843b17c7c906293ad4108819eb	6129	255
162	2022-06-21 20:25:39.470474+02	\\x70b3d57ed0050089	\\x0101010101010101	\\x00da543d	\\xed90803cd17fa3d1669e0f42772bd514	\\xed90803cd17fa3d1669e0f42772bd514	\\xed90803cd17fa3d1669e0f42772bd514	4461	255
163	2022-06-21 20:30:09.034497+02	\\x70b3d57ed0050089	\\x0101010101010101	\\x012a6d8b	\\x5d974aa54ff16fef35b14030357fa40e	\\x5d974aa54ff16fef35b14030357fa40e	\\x5d974aa54ff16fef35b14030357fa40e	48658	255
164	2022-06-21 20:35:12.383215+02	\\x70b3d57ed0050089	\\x0101010101010101	\\x0101e822	\\x8a672eace6074e2ffd85edc91354fad0	\\x8a672eace6074e2ffd85edc91354fad0	\\x8a672eace6074e2ffd85edc91354fad0	21155	255
165	2022-06-21 20:49:24.854121+02	\\x70b3d57ed0050089	\\x0101010101010101	\\x012d3e22	\\x26894287a5650437a82f5a89fde618bd	\\x26894287a5650437a82f5a89fde618bd	\\x26894287a5650437a82f5a89fde618bd	25035	255
166	2022-06-21 21:18:31.786901+02	\\x70b3d57ed0050089	\\x0101010101010101	\\x01b9b7d6	\\x0d32d330fc9b1b761689bded3df727e1	\\x0d32d330fc9b1b761689bded3df727e1	\\x0d32d330fc9b1b761689bded3df727e1	59910	255
167	2022-06-21 21:30:10.399647+02	\\x70b3d57ed0050089	\\x0101010101010101	\\x014d1697	\\xf4f4cf9ff600599de0fd9152bfe9f7de	\\xf4f4cf9ff600599de0fd9152bfe9f7de	\\xf4f4cf9ff600599de0fd9152bfe9f7de	60119	255
168	2022-06-21 21:33:50.599526+02	\\x70b3d57ed0050089	\\x0101010101010101	\\x00c04ee3	\\x65a31f0de7569cd5a952984346db2b9b	\\x65a31f0de7569cd5a952984346db2b9b	\\x65a31f0de7569cd5a952984346db2b9b	19911	255
169	2022-06-21 21:45:35.251364+02	\\x70b3d57ed0050089	\\x0101010101010101	\\x0091c21f	\\xef5a1997cd22454a349d6e5d6c4022f1	\\xef5a1997cd22454a349d6e5d6c4022f1	\\xef5a1997cd22454a349d6e5d6c4022f1	22341	255
170	2022-06-22 02:46:19.372884+02	\\x70b3d57ed0050089	\\x0101010101010101	\\x018173f6	\\x70b4879d3fdd3cdf70ea6d32eed0433e	\\x70b4879d3fdd3cdf70ea6d32eed0433e	\\x70b4879d3fdd3cdf70ea6d32eed0433e	25951	255
171	2022-06-22 02:54:31.124171+02	\\x70b3d57ed0050089	\\x0101010101010101	\\x01f56059	\\xfcf1b93b7e22a32e65426e1e6223ddec	\\xfcf1b93b7e22a32e65426e1e6223ddec	\\xfcf1b93b7e22a32e65426e1e6223ddec	53455	255
172	2022-06-22 02:56:57.42941+02	\\x70b3d57ed0050089	\\x0101010101010101	\\x01c9fdc4	\\x31bc3ad0ba7e1829563f7b86e437fd01	\\x31bc3ad0ba7e1829563f7b86e437fd01	\\x31bc3ad0ba7e1829563f7b86e437fd01	26324	255
173	2022-06-22 02:59:06.09395+02	\\x70b3d57ed0050089	\\x0101010101010101	\\x00bf2e7a	\\x1b53ab727906f8f158ed6b1c309af805	\\x1b53ab727906f8f158ed6b1c309af805	\\x1b53ab727906f8f158ed6b1c309af805	39389	255
174	2022-06-22 03:00:39.617028+02	\\x70b3d57ed0050089	\\x0101010101010101	\\x0180768b	\\xbb7f2af7708eb3f9e8c7480c3a599537	\\xbb7f2af7708eb3f9e8c7480c3a599537	\\xbb7f2af7708eb3f9e8c7480c3a599537	39385	255
175	2022-06-22 03:09:08.154195+02	\\x70b3d57ed0050089	\\x0101010101010101	\\x00fe22d5	\\xb59f6c8fcc2935ccd19a721e748bbedd	\\xb59f6c8fcc2935ccd19a721e748bbedd	\\xb59f6c8fcc2935ccd19a721e748bbedd	30399	255
176	2022-06-22 03:13:58.270047+02	\\x70b3d57ed0050089	\\x0101010101010101	\\x004ed48e	\\x061fe453e18a3944d25a03be73fceaac	\\x061fe453e18a3944d25a03be73fceaac	\\x061fe453e18a3944d25a03be73fceaac	51554	255
177	2022-06-22 03:15:17.712977+02	\\x70b3d57ed0050089	\\x0101010101010101	\\x01efd7f6	\\xb4f4f95de34d6ed4669c6e641466be06	\\xb4f4f95de34d6ed4669c6e641466be06	\\xb4f4f95de34d6ed4669c6e641466be06	13550	255
178	2022-06-22 03:20:17.098614+02	\\x70b3d57ed0050089	\\x0101010101010101	\\x019ac0ea	\\x2401e86be3858edef65b29bc6d811944	\\x2401e86be3858edef65b29bc6d811944	\\x2401e86be3858edef65b29bc6d811944	60480	255
179	2022-06-22 03:47:27.203946+02	\\x70b3d57ed0050089	\\x0101010101010101	\\x00987dc9	\\xecbb9301564eb06daa4b5afe61a0606e	\\xecbb9301564eb06daa4b5afe61a0606e	\\xecbb9301564eb06daa4b5afe61a0606e	45407	255
180	2022-06-22 03:50:27.859416+02	\\x70b3d57ed0050089	\\x0101010101010101	\\x01904f05	\\x082597937b46a5d7c8f41207850d69f1	\\x082597937b46a5d7c8f41207850d69f1	\\x082597937b46a5d7c8f41207850d69f1	44408	255
181	2022-06-22 03:52:03.296858+02	\\x70b3d57ed0050089	\\x0101010101010101	\\x0133d5c4	\\x386e6f69394ade9d72abe622fb960a1b	\\x386e6f69394ade9d72abe622fb960a1b	\\x386e6f69394ade9d72abe622fb960a1b	31709	255
182	2022-06-22 03:58:29.681024+02	\\x70b3d57ed0050089	\\x0101010101010101	\\x01addfac	\\x418b5fff35fea7fe1102d7916fdcea0a	\\x418b5fff35fea7fe1102d7916fdcea0a	\\x418b5fff35fea7fe1102d7916fdcea0a	23501	255
183	2022-06-22 04:00:10.906713+02	\\x70b3d57ed0050089	\\x0101010101010101	\\x00c4b129	\\xbd6657628ded20a47fd9c96669423d93	\\xbd6657628ded20a47fd9c96669423d93	\\xbd6657628ded20a47fd9c96669423d93	17274	255
184	2022-06-22 04:02:40.745717+02	\\x70b3d57ed0050089	\\x0101010101010101	\\x01f60753	\\x0703569c49233a820781b92b3c1d2346	\\x0703569c49233a820781b92b3c1d2346	\\x0703569c49233a820781b92b3c1d2346	42712	255
185	2022-06-22 04:04:33.115106+02	\\x70b3d57ed0050089	\\x0101010101010101	\\x002f1295	\\xf20d423dbf9a29f9bb27633d14f0d731	\\xf20d423dbf9a29f9bb27633d14f0d731	\\xf20d423dbf9a29f9bb27633d14f0d731	27947	255
186	2022-06-24 15:45:30.399355+02	\\x70b3d57ed0050089	\\x0101010101010101	\\x008cff36	\\x8508688ed99cac528fc274e0acb17dbf	\\x8508688ed99cac528fc274e0acb17dbf	\\x8508688ed99cac528fc274e0acb17dbf	59328	255
187	2022-06-24 15:47:24.305126+02	\\x70b3d57ed0050089	\\x0101010101010101	\\x017e104a	\\x140bf2e09d9ddcbee7bb1cb656bac21c	\\x140bf2e09d9ddcbee7bb1cb656bac21c	\\x140bf2e09d9ddcbee7bb1cb656bac21c	32273	255
188	2022-06-24 16:09:50.855966+02	\\x70b3d57ed0050089	\\x0101010101010101	\\x019c328f	\\x247dd7704c396fb8e98363d8e0b052f9	\\x247dd7704c396fb8e98363d8e0b052f9	\\x247dd7704c396fb8e98363d8e0b052f9	48190	255
189	2022-06-24 17:07:06.234445+02	\\x70b3d57ed0050089	\\x0101010101010101	\\x00d59fd4	\\x9fa20877db7f494398a64abd99ac582a	\\x9fa20877db7f494398a64abd99ac582a	\\x9fa20877db7f494398a64abd99ac582a	49523	255
190	2022-06-24 17:29:19.635861+02	\\x70b3d57ed0050089	\\x0101010101010101	\\x017aa339	\\xb02f17408bb77bdb1e2d9f4da31b6f86	\\xb02f17408bb77bdb1e2d9f4da31b6f86	\\xb02f17408bb77bdb1e2d9f4da31b6f86	60461	255
191	2022-06-24 17:32:51.01304+02	\\x70b3d57ed0050089	\\x0101010101010101	\\x001c0dde	\\x6a794297e8d7dd64c34164c976697e8f	\\x6a794297e8d7dd64c34164c976697e8f	\\x6a794297e8d7dd64c34164c976697e8f	29168	255
192	2022-06-24 17:42:38.755013+02	\\x70b3d57ed0050089	\\x0101010101010101	\\x01d3e5e2	\\xcc5975f19b97ad7d82468f5f21cdd0fe	\\xcc5975f19b97ad7d82468f5f21cdd0fe	\\xcc5975f19b97ad7d82468f5f21cdd0fe	28653	255
193	2022-06-24 22:58:14.82931+02	\\x70b3d57ed0050089	\\x0101010101010101	\\x00735b4a	\\x343bc5df2dbca866949188d3ebc14cb6	\\x343bc5df2dbca866949188d3ebc14cb6	\\x343bc5df2dbca866949188d3ebc14cb6	61251	255
194	2022-06-24 23:11:22.858606+02	\\x70b3d57ed0050089	\\x0101010101010101	\\x00bc6b05	\\x2b3e7d4142232d2e98c13d9be01a7969	\\x2b3e7d4142232d2e98c13d9be01a7969	\\x2b3e7d4142232d2e98c13d9be01a7969	42705	255
195	2022-06-24 23:20:05.369572+02	\\x70b3d57ed0050089	\\x0101010101010101	\\x0059c678	\\x2935d2c476a2b1f097d1c52267837268	\\x2935d2c476a2b1f097d1c52267837268	\\x2935d2c476a2b1f097d1c52267837268	16388	255
196	2022-06-24 23:47:53.72245+02	\\x70b3d57ed0050089	\\x0101010101010101	\\x01bb8f6b	\\x75cec583ac46c0d14e7e731fee687f9f	\\x75cec583ac46c0d14e7e731fee687f9f	\\x75cec583ac46c0d14e7e731fee687f9f	44986	255
197	2022-06-24 23:58:13.04344+02	\\x70b3d57ed0050089	\\x0101010101010101	\\x012a69a3	\\xe6a9653442423c6d483f6d61ec4e4c1f	\\xe6a9653442423c6d483f6d61ec4e4c1f	\\xe6a9653442423c6d483f6d61ec4e4c1f	51022	255
198	2022-06-25 00:02:26.016333+02	\\x70b3d57ed0050089	\\x0101010101010101	\\x01ac2c1e	\\x15ce5d81fdf1a99417271f81703e5b69	\\x15ce5d81fdf1a99417271f81703e5b69	\\x15ce5d81fdf1a99417271f81703e5b69	22281	255
199	2022-06-25 00:26:17.477847+02	\\x70b3d57ed0050089	\\x0101010101010101	\\x00610635	\\xb40910786afaf0d4cbb11e634fbd3ef4	\\xb40910786afaf0d4cbb11e634fbd3ef4	\\xb40910786afaf0d4cbb11e634fbd3ef4	25924	255
200	2022-06-26 14:07:23.752258+02	\\x70b3d57ed0050089	\\x0101010101010101	\\x009fd917	\\x2d9834ff2682ca693985aa58eb9ffa4a	\\x2d9834ff2682ca693985aa58eb9ffa4a	\\x2d9834ff2682ca693985aa58eb9ffa4a	63869	255
201	2022-06-26 14:19:45.660745+02	\\x70b3d57ed0050089	\\x0101010101010101	\\x01916baf	\\x98d6031e6a2ff335dd239429feb09ad0	\\x98d6031e6a2ff335dd239429feb09ad0	\\x98d6031e6a2ff335dd239429feb09ad0	45001	255
202	2022-06-26 14:23:09.885462+02	\\x70b3d57ed0050089	\\x0101010101010101	\\x00c01196	\\x388cb44bf6fae590aba9bd4e40098add	\\x388cb44bf6fae590aba9bd4e40098add	\\x388cb44bf6fae590aba9bd4e40098add	55142	255
203	2022-06-26 14:31:54.466917+02	\\x70b3d57ed0050089	\\x0101010101010101	\\x001581b4	\\x4190913d3f0a6bfa80996a157cf3c673	\\x4190913d3f0a6bfa80996a157cf3c673	\\x4190913d3f0a6bfa80996a157cf3c673	27897	255
204	2022-06-26 14:57:20.053828+02	\\x70b3d57ed0050089	\\x0101010101010101	\\x017539e0	\\x71d75d50d9b5b44142b4e025bbdd100d	\\x71d75d50d9b5b44142b4e025bbdd100d	\\x71d75d50d9b5b44142b4e025bbdd100d	56472	255
205	2022-06-26 15:13:44.154077+02	\\x70b3d57ed0050089	\\x0101010101010101	\\x004f56c2	\\x5445ed3e9922d002b859aeaecb8d7537	\\x5445ed3e9922d002b859aeaecb8d7537	\\x5445ed3e9922d002b859aeaecb8d7537	42760	255
206	2022-06-26 15:28:47.760511+02	\\x70b3d57ed0050089	\\x0101010101010101	\\x01271866	\\x1a5426c62e04dbcb680a917e4c6edceb	\\x1a5426c62e04dbcb680a917e4c6edceb	\\x1a5426c62e04dbcb680a917e4c6edceb	58319	255
207	2022-06-26 15:32:25.969223+02	\\x70b3d57ed0050089	\\x0101010101010101	\\x006ddd75	\\xf1a71c5c8dd3db22d7cd10f5fd3335e6	\\xf1a71c5c8dd3db22d7cd10f5fd3335e6	\\xf1a71c5c8dd3db22d7cd10f5fd3335e6	48564	255
208	2022-06-26 15:36:02.368371+02	\\x70b3d57ed0050089	\\x0101010101010101	\\x0175dd3f	\\x8925db5b77a967fb0a6ab9b6067bb6b1	\\x8925db5b77a967fb0a6ab9b6067bb6b1	\\x8925db5b77a967fb0a6ab9b6067bb6b1	57982	255
209	2022-06-26 15:49:08.02548+02	\\x70b3d57ed0050089	\\x0101010101010101	\\x0112c1d8	\\x04c9bfbb4447a93fb0d7e1db746f0461	\\x04c9bfbb4447a93fb0d7e1db746f0461	\\x04c9bfbb4447a93fb0d7e1db746f0461	55780	255
210	2022-06-26 15:53:33.919535+02	\\x70b3d57ed0050089	\\x0101010101010101	\\x0155bcc9	\\xf242150b3462b4c230f49499b276afcf	\\xf242150b3462b4c230f49499b276afcf	\\xf242150b3462b4c230f49499b276afcf	6192	255
211	2022-06-26 15:55:45.737325+02	\\x70b3d57ed0050089	\\x0101010101010101	\\x007c2c8e	\\xdb3c17365e1c347d1e4d8791f85d8c7a	\\xdb3c17365e1c347d1e4d8791f85d8c7a	\\xdb3c17365e1c347d1e4d8791f85d8c7a	42383	255
212	2022-06-26 15:59:14.47402+02	\\x70b3d57ed0050089	\\x0101010101010101	\\x00d96180	\\x16cb52dfcf83cf3aa2e6e537d6221b3c	\\x16cb52dfcf83cf3aa2e6e537d6221b3c	\\x16cb52dfcf83cf3aa2e6e537d6221b3c	65158	255
213	2022-06-26 16:07:16.651696+02	\\x70b3d57ed0050089	\\x0101010101010101	\\x0064af19	\\xb1604f0b82e7fff7c944bc67c6d44750	\\xb1604f0b82e7fff7c944bc67c6d44750	\\xb1604f0b82e7fff7c944bc67c6d44750	22920	255
214	2022-06-26 16:10:17.324689+02	\\x70b3d57ed0050089	\\x0101010101010101	\\x006b9ece	\\x67c480a8e4d0af20a6b54079c5579663	\\x67c480a8e4d0af20a6b54079c5579663	\\x67c480a8e4d0af20a6b54079c5579663	27645	255
215	2022-06-26 16:15:32.132952+02	\\x70b3d57ed0050089	\\x0101010101010101	\\x01d4e851	\\x696069b2d133c44164c3b4b7ffbd9bd8	\\x696069b2d133c44164c3b4b7ffbd9bd8	\\x696069b2d133c44164c3b4b7ffbd9bd8	44313	255
216	2022-06-26 16:19:08.128202+02	\\x70b3d57ed0050089	\\x0101010101010101	\\x00cac13f	\\x7a70e3865875624a485e9a9f572cb132	\\x7a70e3865875624a485e9a9f572cb132	\\x7a70e3865875624a485e9a9f572cb132	3838	255
217	2022-06-26 16:43:26.907439+02	\\x70b3d57ed0050089	\\x0101010101010101	\\x01c38281	\\xeaf5fba0f0e3653b6b04bdf4a837a1ed	\\xeaf5fba0f0e3653b6b04bdf4a837a1ed	\\xeaf5fba0f0e3653b6b04bdf4a837a1ed	13030	255
218	2022-06-26 16:56:37.296418+02	\\x70b3d57ed0050089	\\x0101010101010101	\\x01e53124	\\x3ecc723f5419fd94e9ca2d5733a742ed	\\x3ecc723f5419fd94e9ca2d5733a742ed	\\x3ecc723f5419fd94e9ca2d5733a742ed	40508	255
219	2022-06-26 17:04:49.531249+02	\\x70b3d57ed0050089	\\x0101010101010101	\\x01bbb4fc	\\xc884374971d2007823c910469cebf1e1	\\xc884374971d2007823c910469cebf1e1	\\xc884374971d2007823c910469cebf1e1	13604	255
220	2022-06-26 17:10:42.709106+02	\\x70b3d57ed0050089	\\x0101010101010101	\\x01169b00	\\x9ae6daa1377d848645b697dd863fbe06	\\x9ae6daa1377d848645b697dd863fbe06	\\x9ae6daa1377d848645b697dd863fbe06	40858	255
221	2022-06-26 17:12:39.280576+02	\\x70b3d57ed0050089	\\x0101010101010101	\\x01d9a1ac	\\xcbd43fea5ee24dedda295ee78fc9b674	\\xcbd43fea5ee24dedda295ee78fc9b674	\\xcbd43fea5ee24dedda295ee78fc9b674	40237	255
222	2022-06-26 17:13:43.793332+02	\\x70b3d57ed0050089	\\x0101010101010101	\\x001acc1f	\\xc5fcbc568f75b7dbb386c4465f39e7f7	\\xc5fcbc568f75b7dbb386c4465f39e7f7	\\xc5fcbc568f75b7dbb386c4465f39e7f7	8225	255
223	2022-06-26 17:24:31.866626+02	\\x70b3d57ed0050089	\\x0101010101010101	\\x01073bdc	\\xdbdaaceb1b89e71ef3d35186e458771e	\\xdbdaaceb1b89e71ef3d35186e458771e	\\xdbdaaceb1b89e71ef3d35186e458771e	51483	255
224	2022-06-26 17:33:04.221592+02	\\x70b3d57ed0050089	\\x0101010101010101	\\x018b417d	\\xb14df1fcb5d9d414abc8a08acefebe31	\\xb14df1fcb5d9d414abc8a08acefebe31	\\xb14df1fcb5d9d414abc8a08acefebe31	5508	255
225	2022-06-26 17:37:10.917531+02	\\x70b3d57ed0050089	\\x0101010101010101	\\x005c6c4f	\\xf31c9ba92bff051f688706148cccfd6c	\\xf31c9ba92bff051f688706148cccfd6c	\\xf31c9ba92bff051f688706148cccfd6c	40705	255
226	2022-06-26 17:45:17.382503+02	\\x70b3d57ed0050089	\\x0101010101010101	\\x01a0011e	\\x2e5607717091a213d5ecadb7626ba700	\\x2e5607717091a213d5ecadb7626ba700	\\x2e5607717091a213d5ecadb7626ba700	39812	255
227	2022-06-26 17:51:59.808652+02	\\x70b3d57ed0050089	\\x0101010101010101	\\x002f2615	\\x0147b796a7bed416c1c2dfc4f9136152	\\x0147b796a7bed416c1c2dfc4f9136152	\\x0147b796a7bed416c1c2dfc4f9136152	31013	255
228	2022-06-26 17:54:05.880809+02	\\x70b3d57ed0050089	\\x0101010101010101	\\x01d3a535	\\x125b9750593f0f933c770dddc8cb658a	\\x125b9750593f0f933c770dddc8cb658a	\\x125b9750593f0f933c770dddc8cb658a	19057	255
229	2022-06-26 19:22:53.011977+02	\\x70b3d57ed0050089	\\x0101010101010101	\\x008a5de8	\\x670c2e786c0f064d2a9948233222c10f	\\x670c2e786c0f064d2a9948233222c10f	\\x670c2e786c0f064d2a9948233222c10f	21141	255
230	2022-06-26 19:24:15.358428+02	\\x70b3d57ed0050089	\\x0101010101010101	\\x005cfb6a	\\xd4a35f229214b4f5c0c5269a19b640a9	\\xd4a35f229214b4f5c0c5269a19b640a9	\\xd4a35f229214b4f5c0c5269a19b640a9	52340	255
231	2022-06-26 19:25:17.534339+02	\\x70b3d57ed0050089	\\x0101010101010101	\\x016e8348	\\x1cdf7a4cd4d682293c5945ef4b858f2d	\\x1cdf7a4cd4d682293c5945ef4b858f2d	\\x1cdf7a4cd4d682293c5945ef4b858f2d	38180	255
232	2022-06-26 19:35:07.604128+02	\\x70b3d57ed0050089	\\x0101010101010101	\\x01c4156a	\\x358e53f6f378f376dd3f93f8a9defa5b	\\x358e53f6f378f376dd3f93f8a9defa5b	\\x358e53f6f378f376dd3f93f8a9defa5b	62815	255
233	2022-06-26 19:40:54.938406+02	\\x70b3d57ed0050089	\\x0101010101010101	\\x000c4df4	\\x3f7ffb0fb0c4d68b36d719930649370e	\\x3f7ffb0fb0c4d68b36d719930649370e	\\x3f7ffb0fb0c4d68b36d719930649370e	59134	255
234	2022-06-26 19:43:22.266158+02	\\x70b3d57ed0050089	\\x0101010101010101	\\x018909fc	\\x8cbc8a4db0d0e9815ea4df615116a95d	\\x8cbc8a4db0d0e9815ea4df615116a95d	\\x8cbc8a4db0d0e9815ea4df615116a95d	21113	255
235	2022-06-26 19:46:56.706695+02	\\x70b3d57ed0050089	\\x0101010101010101	\\x008d9e6f	\\x242a02dd5a6695c2f89359c6de11905f	\\x242a02dd5a6695c2f89359c6de11905f	\\x242a02dd5a6695c2f89359c6de11905f	43321	255
236	2022-06-26 19:54:08.35037+02	\\x70b3d57ed0050089	\\x0101010101010101	\\x00f88182	\\xc380fb1bfe4a4350b302ad5e46dfe54e	\\xc380fb1bfe4a4350b302ad5e46dfe54e	\\xc380fb1bfe4a4350b302ad5e46dfe54e	30733	255
237	2022-06-26 20:00:49.775815+02	\\x70b3d57ed0050089	\\x0101010101010101	\\x0087787f	\\xc0adaf3914adc4132bf2c10d3754b493	\\xc0adaf3914adc4132bf2c10d3754b493	\\xc0adaf3914adc4132bf2c10d3754b493	60908	255
238	2022-06-26 20:14:16.556784+02	\\x70b3d57ed0050089	\\x0101010101010101	\\x00d80a53	\\x65498d4922f79aeb7d30a92b78996bd8	\\x65498d4922f79aeb7d30a92b78996bd8	\\x65498d4922f79aeb7d30a92b78996bd8	60405	255
239	2022-06-26 20:39:01.317266+02	\\x70b3d57ed0050089	\\x0101010101010101	\\x01fa8e47	\\x3abdf1ec377499cf1879c13156375905	\\x3abdf1ec377499cf1879c13156375905	\\x3abdf1ec377499cf1879c13156375905	22125	255
240	2022-06-26 21:07:08.589134+02	\\x70b3d57ed0050089	\\x0101010101010101	\\x01460d3f	\\x415f54442d537135e0c9424a5116d78b	\\x415f54442d537135e0c9424a5116d78b	\\x415f54442d537135e0c9424a5116d78b	42628	255
241	2022-06-26 21:12:08.397713+02	\\x70b3d57ed0050089	\\x0101010101010101	\\x00fcd524	\\xa5c8ad43269d087e24cfa4153146e0e3	\\xa5c8ad43269d087e24cfa4153146e0e3	\\xa5c8ad43269d087e24cfa4153146e0e3	36462	255
242	2022-06-26 21:24:14.856549+02	\\x70b3d57ed0050089	\\x0101010101010101	\\x01554ab4	\\x92a31b05d1da9bfb6e8666ec47545199	\\x92a31b05d1da9bfb6e8666ec47545199	\\x92a31b05d1da9bfb6e8666ec47545199	32312	255
243	2022-06-27 00:47:38.251962+02	\\x70b3d57ed0050089	\\x0101010101010101	\\x015e12e8	\\x64190fd338316d080c4f61913277f866	\\x64190fd338316d080c4f61913277f866	\\x64190fd338316d080c4f61913277f866	16207	255
244	2022-06-27 00:57:13.657263+02	\\x70b3d57ed0050089	\\x0101010101010101	\\x0037b1c7	\\x5095951fd7a1f74d8a58ea65f8d12b03	\\x5095951fd7a1f74d8a58ea65f8d12b03	\\x5095951fd7a1f74d8a58ea65f8d12b03	9885	255
245	2022-06-27 01:28:41.838351+02	\\x70b3d57ed0050089	\\x0101010101010101	\\x00bc9e4e	\\x5ca629216e2afce489af6c0fa965ff3f	\\x5ca629216e2afce489af6c0fa965ff3f	\\x5ca629216e2afce489af6c0fa965ff3f	29686	255
246	2022-06-27 01:50:36.873558+02	\\x70b3d57ed0050089	\\x0101010101010101	\\x00ce8128	\\x491a745250516b5ca41fa4996ef27746	\\x491a745250516b5ca41fa4996ef27746	\\x491a745250516b5ca41fa4996ef27746	13558	255
247	2022-06-27 02:00:03.759402+02	\\x70b3d57ed0050089	\\x0101010101010101	\\x01a0f2be	\\x0198c07747714843991ef818f31ddb6f	\\x0198c07747714843991ef818f31ddb6f	\\x0198c07747714843991ef818f31ddb6f	35433	255
248	2022-06-27 02:11:48.254287+02	\\x70b3d57ed0050089	\\x0101010101010101	\\x00de26af	\\x3599b182eafdb45e2a7e74c6bfb952d4	\\x3599b182eafdb45e2a7e74c6bfb952d4	\\x3599b182eafdb45e2a7e74c6bfb952d4	19450	255
249	2022-06-27 02:14:39.591077+02	\\x70b3d57ed0050089	\\x0101010101010101	\\x0089f5ec	\\x9c460fbbb86f43076ae974bf6e4727b9	\\x9c460fbbb86f43076ae974bf6e4727b9	\\x9c460fbbb86f43076ae974bf6e4727b9	28959	255
250	2022-06-27 02:19:12.250786+02	\\x70b3d57ed0050089	\\x0101010101010101	\\x0144ff4c	\\x17536751c89e4e76b196b50c34596052	\\x17536751c89e4e76b196b50c34596052	\\x17536751c89e4e76b196b50c34596052	30987	255
251	2022-06-27 02:22:03.712892+02	\\x70b3d57ed0050089	\\x0101010101010101	\\x00ba29b5	\\x50fb084f00c2f59538362838d48f1826	\\x50fb084f00c2f59538362838d48f1826	\\x50fb084f00c2f59538362838d48f1826	28029	255
252	2022-06-27 02:22:13.76541+02	\\x70b3d57ed0050089	\\x0101010101010101	\\x01fb844c	\\xd8461632883686a93137341338785b21	\\xd8461632883686a93137341338785b21	\\xd8461632883686a93137341338785b21	48153	255
253	2022-06-27 02:27:42.70444+02	\\x70b3d57ed0050089	\\x0101010101010101	\\x00b908ad	\\x38f36f3d0b7eb2451f59683c43df6096	\\x38f36f3d0b7eb2451f59683c43df6096	\\x38f36f3d0b7eb2451f59683c43df6096	14129	255
254	2022-06-28 11:37:45.113721+02	\\x70b3d57ed0050089	\\x0101010101010101	\\x00bc8bfd	\\xde7b83883cbfcccd41d6c4f32303eb35	\\xde7b83883cbfcccd41d6c4f32303eb35	\\xde7b83883cbfcccd41d6c4f32303eb35	46058	255
255	2022-06-28 11:40:16.433695+02	\\x70b3d57ed0050089	\\x0101010101010101	\\x01845397	\\x73dc7e0315a3771384db70fec64fe573	\\x73dc7e0315a3771384db70fec64fe573	\\x73dc7e0315a3771384db70fec64fe573	46017	255
256	2022-06-28 11:50:25.661597+02	\\x70b3d57ed0050089	\\x0101010101010101	\\x01a34f39	\\x949fdd70a935f9c443ffa9844c09ba4a	\\x949fdd70a935f9c443ffa9844c09ba4a	\\x949fdd70a935f9c443ffa9844c09ba4a	40275	255
257	2022-06-28 11:52:19.398026+02	\\x70b3d57ed0050089	\\x0101010101010101	\\x004f33b6	\\x2e7eb595ca46cbe977ca19f3bb0f4b43	\\x2e7eb595ca46cbe977ca19f3bb0f4b43	\\x2e7eb595ca46cbe977ca19f3bb0f4b43	58661	255
258	2022-06-28 12:00:01.438041+02	\\x70b3d57ed0050089	\\x0101010101010101	\\x01c3398e	\\x192b86c8f5d20679d5151c5af1cac829	\\x192b86c8f5d20679d5151c5af1cac829	\\x192b86c8f5d20679d5151c5af1cac829	19473	255
259	2022-06-28 12:33:40.164148+02	\\x70b3d57ed0050089	\\x0101010101010101	\\x019f5fe6	\\x610b161f4b9b7aa94588acd43073ab6d	\\x610b161f4b9b7aa94588acd43073ab6d	\\x610b161f4b9b7aa94588acd43073ab6d	63404	255
260	2022-06-28 13:15:01.254055+02	\\x70b3d57ed0050089	\\x0101010101010101	\\x017d6b84	\\xc22ff85033974bd1a72f1f2d5a4c9b7e	\\xc22ff85033974bd1a72f1f2d5a4c9b7e	\\xc22ff85033974bd1a72f1f2d5a4c9b7e	18328	255
261	2022-06-28 13:41:42.817917+02	\\x70b3d57ed0050089	\\x0101010101010101	\\x00971130	\\x34700d8a6a7f637fc9d7c5017a3b62fd	\\x34700d8a6a7f637fc9d7c5017a3b62fd	\\x34700d8a6a7f637fc9d7c5017a3b62fd	55824	255
262	2022-06-28 13:44:23.397178+02	\\x70b3d57ed0050089	\\x0101010101010101	\\x011a821e	\\x4f46243eb03a4186d0395d08dd3294bd	\\x4f46243eb03a4186d0395d08dd3294bd	\\x4f46243eb03a4186d0395d08dd3294bd	15731	255
263	2022-06-28 13:45:38.937229+02	\\x70b3d57ed0050089	\\x0101010101010101	\\x01c1d77d	\\x35fcf3e95874f778895169852ea9e386	\\x35fcf3e95874f778895169852ea9e386	\\x35fcf3e95874f778895169852ea9e386	63675	255
264	2022-06-28 14:04:02.19734+02	\\x70b3d57ed0050089	\\x0101010101010101	\\x011cb75c	\\xbbcf4ec96a62246d93e5b332e3131cdc	\\xbbcf4ec96a62246d93e5b332e3131cdc	\\xbbcf4ec96a62246d93e5b332e3131cdc	13919	255
265	2022-06-28 14:22:27.741645+02	\\x70b3d57ed0050089	\\x0101010101010101	\\x015012a0	\\xd58d783ca86d55bc13aa389a30562321	\\xd58d783ca86d55bc13aa389a30562321	\\xd58d783ca86d55bc13aa389a30562321	8520	255
266	2022-06-28 14:23:23.788481+02	\\x70b3d57ed0050089	\\x0101010101010101	\\x01aae746	\\xe700934972150381968995cc6d5a8c9d	\\xe700934972150381968995cc6d5a8c9d	\\xe700934972150381968995cc6d5a8c9d	58998	255
267	2022-06-28 15:31:03.661105+02	\\x70b3d57ed0050089	\\x0101010101010101	\\x011c03ab	\\x2c356b4bce2ba6c85d46a434693cedb5	\\x2c356b4bce2ba6c85d46a434693cedb5	\\x2c356b4bce2ba6c85d46a434693cedb5	14338	255
268	2022-06-28 15:44:23.841063+02	\\x70b3d57ed0050089	\\x0101010101010101	\\x004a2ec6	\\xd6aafc73173da1d4fcea559daf2ab93e	\\xd6aafc73173da1d4fcea559daf2ab93e	\\xd6aafc73173da1d4fcea559daf2ab93e	51407	255
269	2022-06-28 15:54:34.709419+02	\\x70b3d57ed0050089	\\x0101010101010101	\\x01221f7b	\\xcf700d536659ebc7b541cae30b5e0034	\\xcf700d536659ebc7b541cae30b5e0034	\\xcf700d536659ebc7b541cae30b5e0034	10673	255
270	2022-06-28 16:02:25.21222+02	\\x70b3d57ed0050089	\\x0101010101010101	\\x013a1941	\\x4cc9a34827d0216a69ba7aae75629c50	\\x4cc9a34827d0216a69ba7aae75629c50	\\x4cc9a34827d0216a69ba7aae75629c50	36733	255
271	2022-06-28 16:05:27.485148+02	\\x70b3d57ed0050089	\\x0101010101010101	\\x01de9dc7	\\xb46eb010f7f97a5bb12db06b29ab9d01	\\xb46eb010f7f97a5bb12db06b29ab9d01	\\xb46eb010f7f97a5bb12db06b29ab9d01	33912	255
272	2022-06-28 16:09:27.92188+02	\\x70b3d57ed0050089	\\x0101010101010101	\\x017fb16f	\\x828b451a2790e2dcadbbcf274069d045	\\x828b451a2790e2dcadbbcf274069d045	\\x828b451a2790e2dcadbbcf274069d045	11254	255
273	2022-06-28 16:22:56.767328+02	\\x70b3d57ed0050089	\\x0101010101010101	\\x01d1a50d	\\x4af9abe65425f7ea353009accd4f2c04	\\x4af9abe65425f7ea353009accd4f2c04	\\x4af9abe65425f7ea353009accd4f2c04	47512	255
274	2022-06-28 16:26:24.429778+02	\\x70b3d57ed0050089	\\x0101010101010101	\\x000be972	\\xa620ba5df699fae41b8ecf084b5ce54d	\\xa620ba5df699fae41b8ecf084b5ce54d	\\xa620ba5df699fae41b8ecf084b5ce54d	20978	255
275	2022-06-28 16:42:01.939163+02	\\x70b3d57ed0050089	\\x0101010101010101	\\x00cba7f7	\\x7551edfe54ba7b75d37ed3acb8de44a0	\\x7551edfe54ba7b75d37ed3acb8de44a0	\\x7551edfe54ba7b75d37ed3acb8de44a0	3145	255
276	2022-06-28 16:44:16.295673+02	\\x70b3d57ed0050089	\\x0101010101010101	\\x019f930e	\\xf3519d9ff32fb68ec56b56417673fc5f	\\xf3519d9ff32fb68ec56b56417673fc5f	\\xf3519d9ff32fb68ec56b56417673fc5f	43891	255
277	2022-06-28 17:08:04.527635+02	\\x70b3d57ed0050089	\\x0101010101010101	\\x01646fe5	\\xb84da80fbb4d5e6f75b9b3095cdad5bd	\\xb84da80fbb4d5e6f75b9b3095cdad5bd	\\xb84da80fbb4d5e6f75b9b3095cdad5bd	53493	255
278	2022-06-28 17:09:23.80997+02	\\x70b3d57ed0050089	\\x0101010101010101	\\x001f4f1f	\\x6bc4d37716d40d70d956c608fd207792	\\x6bc4d37716d40d70d956c608fd207792	\\x6bc4d37716d40d70d956c608fd207792	50769	255
279	2022-06-28 17:14:08.400913+02	\\x70b3d57ed0050089	\\x0101010101010101	\\x00f04053	\\xcaf3d51ed25b40b808861a47d44b6e4c	\\xcaf3d51ed25b40b808861a47d44b6e4c	\\xcaf3d51ed25b40b808861a47d44b6e4c	56408	255
280	2022-06-28 17:17:29.242026+02	\\x70b3d57ed0050089	\\x0101010101010101	\\x018834dd	\\x60d4856f116ef6bf770b7682a449d599	\\x60d4856f116ef6bf770b7682a449d599	\\x60d4856f116ef6bf770b7682a449d599	24328	255
281	2022-06-29 02:04:43.410043+02	\\x70b3d57ed0050089	\\x0101010101010101	\\x00bf29cd	\\xe23959432d4f772bc8a0957c5789e807	\\xe23959432d4f772bc8a0957c5789e807	\\xe23959432d4f772bc8a0957c5789e807	25326	255
282	2022-06-29 02:15:19.073716+02	\\x70b3d57ed0050089	\\x0101010101010101	\\x00593b8e	\\xb4e0234393be389968c4c5ff755fb339	\\xb4e0234393be389968c4c5ff755fb339	\\xb4e0234393be389968c4c5ff755fb339	61232	255
283	2022-06-29 02:32:36.128388+02	\\x70b3d57ed0050089	\\x0101010101010101	\\x00ce72da	\\xc8a6965240a9396d561492c63155cd9b	\\xc8a6965240a9396d561492c63155cd9b	\\xc8a6965240a9396d561492c63155cd9b	2051	255
284	2022-06-29 02:36:25.422272+02	\\x70b3d57ed0050089	\\x0101010101010101	\\x00451d1c	\\x954bf2ef694e6d9036ba9dd42a5b5f76	\\x954bf2ef694e6d9036ba9dd42a5b5f76	\\x954bf2ef694e6d9036ba9dd42a5b5f76	9652	255
285	2022-06-29 03:07:03.382299+02	\\x70b3d57ed0050089	\\x0101010101010101	\\x004faa29	\\x83274ec0ef1cb92399e638cfda5311cd	\\x83274ec0ef1cb92399e638cfda5311cd	\\x83274ec0ef1cb92399e638cfda5311cd	8796	255
286	2022-06-29 03:08:22.578824+02	\\x70b3d57ed0050089	\\x0101010101010101	\\x012822d1	\\xe3e7348f65ec09ddce62cb8f6c014694	\\xe3e7348f65ec09ddce62cb8f6c014694	\\xe3e7348f65ec09ddce62cb8f6c014694	20070	255
287	2022-06-29 03:09:07.202846+02	\\x70b3d57ed0050089	\\x0101010101010101	\\x00a6460d	\\x5ada084047e328da65b1b740bcda43b9	\\x5ada084047e328da65b1b740bcda43b9	\\x5ada084047e328da65b1b740bcda43b9	43496	255
288	2022-06-29 03:10:38.18793+02	\\x70b3d57ed0050089	\\x0101010101010101	\\x00e740b4	\\x995b5086f6893c85ce4be4c9f39e7515	\\x995b5086f6893c85ce4be4c9f39e7515	\\x995b5086f6893c85ce4be4c9f39e7515	6998	255
289	2022-06-29 03:11:47.273882+02	\\x70b3d57ed0050089	\\x0101010101010101	\\x01c4f7cb	\\x07ccf55458b1deb4ce8c634e6a8d238c	\\x07ccf55458b1deb4ce8c634e6a8d238c	\\x07ccf55458b1deb4ce8c634e6a8d238c	54804	255
290	2022-06-29 03:18:04.322183+02	\\x70b3d57ed0050089	\\x0101010101010101	\\x00fa0494	\\xb77446034e8c66cde41b4650cc0169df	\\xb77446034e8c66cde41b4650cc0169df	\\xb77446034e8c66cde41b4650cc0169df	15740	255
291	2022-06-29 03:22:51.42642+02	\\x70b3d57ed0050089	\\x0101010101010101	\\x002191f8	\\xe211ba73b65c4368814d951f31d407a4	\\xe211ba73b65c4368814d951f31d407a4	\\xe211ba73b65c4368814d951f31d407a4	59287	255
292	2022-06-29 03:25:27.668454+02	\\x70b3d57ed0050089	\\x0101010101010101	\\x01e6d767	\\x9a70c5c4cd3b5180184000e6fccf2b27	\\x9a70c5c4cd3b5180184000e6fccf2b27	\\x9a70c5c4cd3b5180184000e6fccf2b27	61311	255
293	2022-06-29 03:28:12.955047+02	\\x70b3d57ed0050089	\\x0101010101010101	\\x005950de	\\xe84618dd8f00949d0464a9f12d664d0d	\\xe84618dd8f00949d0464a9f12d664d0d	\\xe84618dd8f00949d0464a9f12d664d0d	29624	255
294	2022-06-29 16:00:44.338854+02	\\x70b3d57ed0050089	\\x0101010101010101	\\x0108f8c4	\\xb36823214ee022bc2519483c2f2e24f5	\\xb36823214ee022bc2519483c2f2e24f5	\\xb36823214ee022bc2519483c2f2e24f5	24339	255
295	2022-06-29 16:28:25.889751+02	\\x70b3d57ed0050089	\\x0101010101010101	\\x008347ba	\\x1265a7bc22345d65755d297cae21caad	\\x1265a7bc22345d65755d297cae21caad	\\x1265a7bc22345d65755d297cae21caad	35068	255
296	2022-06-29 16:34:17.734449+02	\\x70b3d57ed0050089	\\x0101010101010101	\\x01db1276	\\xc5a0e9c65aea0a1899ef463add420efa	\\xc5a0e9c65aea0a1899ef463add420efa	\\xc5a0e9c65aea0a1899ef463add420efa	42004	255
297	2022-06-29 16:51:50.057348+02	\\x70b3d57ed0050089	\\x0101010101010101	\\x01fa1ce8	\\x5b89096da77d716df55b92b16ab50d90	\\x5b89096da77d716df55b92b16ab50d90	\\x5b89096da77d716df55b92b16ab50d90	38920	255
298	2022-06-29 16:54:19.842438+02	\\x70b3d57ed0050089	\\x0101010101010101	\\x01a5a7b4	\\x51b31a035d5d7354ee43943d6fd254fa	\\x51b31a035d5d7354ee43943d6fd254fa	\\x51b31a035d5d7354ee43943d6fd254fa	1272	255
299	2022-06-29 16:55:30.693662+02	\\x70b3d57ed0050089	\\x0101010101010101	\\x01c58173	\\xea341284f5ea445fc0ccc0218d4b4a5a	\\xea341284f5ea445fc0ccc0218d4b4a5a	\\xea341284f5ea445fc0ccc0218d4b4a5a	49081	255
300	2022-06-29 16:57:22.800875+02	\\x70b3d57ed0050089	\\x0101010101010101	\\x0033f6d1	\\x0dfea99ca1eb7f28d8eaeb90aa40b7ef	\\x0dfea99ca1eb7f28d8eaeb90aa40b7ef	\\x0dfea99ca1eb7f28d8eaeb90aa40b7ef	50555	255
301	2022-06-29 17:06:44.809046+02	\\x70b3d57ed0050089	\\x0101010101010101	\\x01acb51e	\\x3200c9523ae4494de3ba62488c56487e	\\x3200c9523ae4494de3ba62488c56487e	\\x3200c9523ae4494de3ba62488c56487e	43066	255
302	2022-06-29 17:14:05.352168+02	\\x70b3d57ed0050089	\\x0101010101010101	\\x01bf7271	\\x4656077981713f3c1c34c517aa18df51	\\x4656077981713f3c1c34c517aa18df51	\\x4656077981713f3c1c34c517aa18df51	13249	255
303	2022-06-29 17:52:32.089852+02	\\x70b3d57ed0050089	\\x0101010101010101	\\x0039a040	\\x457d0339f5a048a2536d893056f668e2	\\x457d0339f5a048a2536d893056f668e2	\\x457d0339f5a048a2536d893056f668e2	6166	255
304	2022-06-29 17:52:53.9119+02	\\x70b3d57ed0050089	\\x0101010101010101	\\x00f3ed00	\\x898786d86d9e62f4d2158096135cbb87	\\x898786d86d9e62f4d2158096135cbb87	\\x898786d86d9e62f4d2158096135cbb87	47691	255
305	2022-06-29 17:55:07.899869+02	\\x70b3d57ed0050089	\\x0101010101010101	\\x01f40150	\\x8242809ddfc17f4df8600aedfb17b6cf	\\x8242809ddfc17f4df8600aedfb17b6cf	\\x8242809ddfc17f4df8600aedfb17b6cf	38385	255
306	2022-06-29 17:59:19.627301+02	\\x70b3d57ed0050089	\\x0101010101010101	\\x01ee8a17	\\x6c7d4c80f84fedc6faa34182d8c04f56	\\x6c7d4c80f84fedc6faa34182d8c04f56	\\x6c7d4c80f84fedc6faa34182d8c04f56	3149	255
307	2022-06-29 18:01:18.732701+02	\\x70b3d57ed0050089	\\x0101010101010101	\\x01cfcde0	\\x244ba7f6dd51df62f3fbf4bf4f6476d5	\\x244ba7f6dd51df62f3fbf4bf4f6476d5	\\x244ba7f6dd51df62f3fbf4bf4f6476d5	40114	255
308	2022-06-29 18:02:53.393044+02	\\x70b3d57ed0050089	\\x0101010101010101	\\x009ef10c	\\x6ed520ac173f1fe42eae3b027afaf358	\\x6ed520ac173f1fe42eae3b027afaf358	\\x6ed520ac173f1fe42eae3b027afaf358	31245	255
309	2022-06-29 18:10:33.679422+02	\\x70b3d57ed0050089	\\x0101010101010101	\\x00757159	\\x410631dde7d8038468929bed75db7df8	\\x410631dde7d8038468929bed75db7df8	\\x410631dde7d8038468929bed75db7df8	9754	255
310	2022-06-29 18:14:02.64977+02	\\x70b3d57ed0050089	\\x0101010101010101	\\x001eb313	\\x614e9a6ec6495e439ec485ddcd3889b6	\\x614e9a6ec6495e439ec485ddcd3889b6	\\x614e9a6ec6495e439ec485ddcd3889b6	53490	255
311	2022-06-29 18:17:10.85537+02	\\x70b3d57ed0050089	\\x0101010101010101	\\x017bd072	\\x37b385d1a54deea96538f71c64dfb318	\\x37b385d1a54deea96538f71c64dfb318	\\x37b385d1a54deea96538f71c64dfb318	36287	255
312	2022-06-29 18:19:10.807355+02	\\x70b3d57ed0050089	\\x0101010101010101	\\x0118d6a5	\\x60341a1b5bd8bd6832992f02e051836a	\\x60341a1b5bd8bd6832992f02e051836a	\\x60341a1b5bd8bd6832992f02e051836a	39886	255
313	2022-06-29 18:21:53.255274+02	\\x70b3d57ed0050089	\\x0101010101010101	\\x0118e34c	\\x09be7855813af0c86df493d19d4d0ac9	\\x09be7855813af0c86df493d19d4d0ac9	\\x09be7855813af0c86df493d19d4d0ac9	6912	255
314	2022-06-29 18:24:02.593445+02	\\x70b3d57ed0050089	\\x0101010101010101	\\x004d5bea	\\xfb8ac794d4a341fbf158e3d25acd0746	\\xfb8ac794d4a341fbf158e3d25acd0746	\\xfb8ac794d4a341fbf158e3d25acd0746	30447	255
315	2022-06-29 18:24:20.218765+02	\\x70b3d57ed0050089	\\x0101010101010101	\\x01998d08	\\x3768cd5af023bd4fc9d80431744789af	\\x3768cd5af023bd4fc9d80431744789af	\\x3768cd5af023bd4fc9d80431744789af	20950	255
316	2022-06-29 18:30:59.701141+02	\\x70b3d57ed0050089	\\x0101010101010101	\\x00d842ad	\\xb5b224ec0276d385a449af121d283c88	\\xb5b224ec0276d385a449af121d283c88	\\xb5b224ec0276d385a449af121d283c88	60457	255
317	2022-06-29 18:34:15.925137+02	\\x70b3d57ed0050089	\\x0101010101010101	\\x0042462e	\\x61949e597312d40e6eec9657398669ef	\\x61949e597312d40e6eec9657398669ef	\\x61949e597312d40e6eec9657398669ef	44453	255
318	2022-06-29 18:38:49.448377+02	\\x70b3d57ed0050089	\\x0101010101010101	\\x012a47a3	\\x171bf063adf2ce4185c854fdf7d58c9a	\\x171bf063adf2ce4185c854fdf7d58c9a	\\x171bf063adf2ce4185c854fdf7d58c9a	55203	255
319	2022-06-29 18:45:55.733313+02	\\x70b3d57ed0050089	\\x0101010101010101	\\x01b474cd	\\x1a5718644fb3e4a75a9d48d080d84fa6	\\x1a5718644fb3e4a75a9d48d080d84fa6	\\x1a5718644fb3e4a75a9d48d080d84fa6	6650	255
320	2022-06-29 18:47:10.742845+02	\\x70b3d57ed0050089	\\x0101010101010101	\\x01000acb	\\x0d83ffe235eda56fe7c3611cf7fad7a3	\\x0d83ffe235eda56fe7c3611cf7fad7a3	\\x0d83ffe235eda56fe7c3611cf7fad7a3	37727	255
321	2022-06-29 18:50:36.669602+02	\\x70b3d57ed0050089	\\x0101010101010101	\\x005efca6	\\x378b0abd1a11eead2318038ec22b53fd	\\x378b0abd1a11eead2318038ec22b53fd	\\x378b0abd1a11eead2318038ec22b53fd	39379	255
354	2022-06-30 13:50:18.031759+02	\\x70b3d57ed0050089	\\x0101010101010101	\\x00a2d630	\\xb994c0973008523a8d847b544ac98f0d	\\xb994c0973008523a8d847b544ac98f0d	\\xb994c0973008523a8d847b544ac98f0d	55297	255
355	2022-06-30 13:52:12.06776+02	\\x70b3d57ed0050089	\\x0101010101010101	\\x005838de	\\xd9601b37ed55cd6b5ce8a65572ce5bce	\\xd9601b37ed55cd6b5ce8a65572ce5bce	\\xd9601b37ed55cd6b5ce8a65572ce5bce	9068	255
356	2022-06-30 13:57:02.23328+02	\\x70b3d57ed0050089	\\x0101010101010101	\\x01356472	\\x832f0d2ec5ef400af744d3c4afc0dc34	\\x832f0d2ec5ef400af744d3c4afc0dc34	\\x832f0d2ec5ef400af744d3c4afc0dc34	887	255
357	2022-06-30 14:07:27.47457+02	\\x70b3d57ed0050089	\\x0101010101010101	\\x00d612cc	\\x464fb4b1a598fb8c7fb3306c6aca1a41	\\x464fb4b1a598fb8c7fb3306c6aca1a41	\\x464fb4b1a598fb8c7fb3306c6aca1a41	752	255
358	2022-06-30 14:23:12.698613+02	\\x70b3d57ed0050089	\\x0101010101010101	\\x01a9d48b	\\x58f56a25f43d51f204e316731100b4d2	\\x58f56a25f43d51f204e316731100b4d2	\\x58f56a25f43d51f204e316731100b4d2	59448	255
359	2022-06-30 14:24:38.739921+02	\\x70b3d57ed0050089	\\x0101010101010101	\\x006003f4	\\xa9dd5a3eada0f51e1a056d46b18d6256	\\xa9dd5a3eada0f51e1a056d46b18d6256	\\xa9dd5a3eada0f51e1a056d46b18d6256	55061	255
360	2022-06-30 14:26:47.017198+02	\\x70b3d57ed0050089	\\x0101010101010101	\\x0033b915	\\x87367b6e9a6e7cd37c64e836369b30f8	\\x87367b6e9a6e7cd37c64e836369b30f8	\\x87367b6e9a6e7cd37c64e836369b30f8	40427	255
361	2022-06-30 14:29:08.509068+02	\\x70b3d57ed0050089	\\x0101010101010101	\\x014bd19b	\\x607721233fe9e4c7d431a3c66922b3a6	\\x607721233fe9e4c7d431a3c66922b3a6	\\x607721233fe9e4c7d431a3c66922b3a6	58431	255
362	2022-06-30 14:31:23.936113+02	\\x70b3d57ed0050089	\\x0101010101010101	\\x01437bd8	\\xd834445a4f84485ab0970945b1cce17c	\\xd834445a4f84485ab0970945b1cce17c	\\xd834445a4f84485ab0970945b1cce17c	4528	255
363	2022-06-30 14:33:17.497389+02	\\x70b3d57ed0050089	\\x0101010101010101	\\x01889c25	\\x7df0734f5d7a280409308ee7d039c940	\\x7df0734f5d7a280409308ee7d039c940	\\x7df0734f5d7a280409308ee7d039c940	29663	255
364	2022-06-30 14:34:48.703967+02	\\x02c59a6d8813fc97	\\x0000000000000000	\\x00bd63d2	\\x1ca282c1dc91170230ce7df9f38e3686	\\x1ca282c1dc91170230ce7df9f38e3686	\\x1ca282c1dc91170230ce7df9f38e3686	27612	255
365	2022-06-30 14:42:44.233412+02	\\x70b3d57ed0050089	\\x0101010101010101	\\x018e8e9f	\\xb0070c5809ba111cd31cccc563ffcbde	\\xb0070c5809ba111cd31cccc563ffcbde	\\xb0070c5809ba111cd31cccc563ffcbde	63843	255
366	2022-06-30 14:43:12.593269+02	\\x70b3d57ed0050089	\\x0101010101010101	\\x00535c99	\\x11145cbeeac9bb0b794bff2c8b87f8ff	\\x11145cbeeac9bb0b794bff2c8b87f8ff	\\x11145cbeeac9bb0b794bff2c8b87f8ff	58936	255
367	2022-06-30 14:48:03.848662+02	\\x70b3d57ed0050089	\\x0101010101010101	\\x00174f95	\\xc9e84bf15ab71d1e6e66dbde3e8baeb1	\\xc9e84bf15ab71d1e6e66dbde3e8baeb1	\\xc9e84bf15ab71d1e6e66dbde3e8baeb1	47233	255
368	2022-06-30 15:02:04.415026+02	\\x70b3d57ed0050089	\\x0101010101010101	\\x014bff3f	\\x87d7d9b9f7b392b3f48183d126af2a97	\\x87d7d9b9f7b392b3f48183d126af2a97	\\x87d7d9b9f7b392b3f48183d126af2a97	53500	255
369	2022-06-30 15:07:45.884067+02	\\x70b3d57ed0050089	\\x0101010101010101	\\x01a09c9d	\\x7588cb6496feb50d162b6830b0966dad	\\x7588cb6496feb50d162b6830b0966dad	\\x7588cb6496feb50d162b6830b0966dad	1610	255
370	2022-06-30 15:10:39.633862+02	\\x70b3d57ed0050089	\\x0101010101010101	\\x007bafbb	\\xd54d7abc39815ec5dda938221d5988ba	\\xd54d7abc39815ec5dda938221d5988ba	\\xd54d7abc39815ec5dda938221d5988ba	27943	255
371	2022-06-30 15:12:35.460909+02	\\x70b3d57ed0050089	\\x0101010101010101	\\x008a9010	\\x45553329c805bef233b3d6edfb425588	\\x45553329c805bef233b3d6edfb425588	\\x45553329c805bef233b3d6edfb425588	53313	255
372	2022-06-30 15:33:13.606687+02	\\x70b3d57ed0050089	\\x0101010101010101	\\x01bb328a	\\xde77d624cec2f567248408f032c67d5e	\\xde77d624cec2f567248408f032c67d5e	\\xde77d624cec2f567248408f032c67d5e	60906	255
373	2022-06-30 15:38:03.457186+02	\\x70b3d57ed0050089	\\x0101010101010101	\\x00ae6ce8	\\x05a2fd07f716a9246dc3b2cf8bc2ca78	\\x05a2fd07f716a9246dc3b2cf8bc2ca78	\\x05a2fd07f716a9246dc3b2cf8bc2ca78	18846	255
374	2022-06-30 15:40:54.480876+02	\\x70b3d57ed0050089	\\x0101010101010101	\\x01810017	\\x231ff03e486e67fe8916f92c31faf753	\\x231ff03e486e67fe8916f92c31faf753	\\x231ff03e486e67fe8916f92c31faf753	61604	255
375	2022-06-30 15:42:36.759894+02	\\x70b3d57ed0050089	\\x0101010101010101	\\x01313473	\\x53f984939100486c104797dc9eec09bf	\\x53f984939100486c104797dc9eec09bf	\\x53f984939100486c104797dc9eec09bf	45833	255
376	2022-06-30 15:42:52.025819+02	\\x70b3d57ed0050089	\\x0101010101010101	\\x010301e1	\\xf891d9faad1d720c238df257e1d2f66d	\\xf891d9faad1d720c238df257e1d2f66d	\\xf891d9faad1d720c238df257e1d2f66d	64680	255
377	2022-06-30 15:47:07.106181+02	\\x70b3d57ed0050089	\\x0101010101010101	\\x0127c17d	\\x13eb6692a795313e0dd6b2d6e34addfc	\\x13eb6692a795313e0dd6b2d6e34addfc	\\x13eb6692a795313e0dd6b2d6e34addfc	46485	255
378	2022-06-30 15:57:29.062167+02	\\x70b3d57ed0050089	\\x0101010101010101	\\x019524c1	\\xf93c0d3071163171bf55f94d26c48bb4	\\xf93c0d3071163171bf55f94d26c48bb4	\\xf93c0d3071163171bf55f94d26c48bb4	15312	255
379	2022-06-30 16:03:02.946531+02	\\x70b3d57ed0050089	\\x0101010101010101	\\x01d0030c	\\x740dbe4742086461727dcc20e00bbf27	\\x740dbe4742086461727dcc20e00bbf27	\\x740dbe4742086461727dcc20e00bbf27	49443	255
380	2022-06-30 16:07:30.61622+02	\\x70b3d57ed0050089	\\x0101010101010101	\\x018f1bc4	\\xafc0de5356e3607c20c21e1cd0d5eb80	\\xafc0de5356e3607c20c21e1cd0d5eb80	\\xafc0de5356e3607c20c21e1cd0d5eb80	64192	255
381	2022-07-01 17:13:03.66989+02	\\x70b3d57ed0050089	\\x0101010101010101	\\x0170b7bd	\\xd770d95ec6fb945260d6ee5ecc6752ee	\\xd770d95ec6fb945260d6ee5ecc6752ee	\\xd770d95ec6fb945260d6ee5ecc6752ee	28924	255
382	2022-07-01 17:21:48.298207+02	\\x70b3d57ed0050089	\\x0101010101010101	\\x00d0057f	\\x7d96a40369528aafd9c8eda3e273847c	\\x7d96a40369528aafd9c8eda3e273847c	\\x7d96a40369528aafd9c8eda3e273847c	29393	255
383	2022-07-01 17:38:06.888967+02	\\x70b3d57ed0050089	\\x0101010101010101	\\x00be48d0	\\xd3fc50e287d120c41c4c5c8c120f4bfa	\\xd3fc50e287d120c41c4c5c8c120f4bfa	\\xd3fc50e287d120c41c4c5c8c120f4bfa	37712	255
384	2022-07-01 17:42:23.498575+02	\\x70b3d57ed0050089	\\x0101010101010101	\\x01cb7784	\\x9f17c205819ad0067e36b41dbc9a20b2	\\x9f17c205819ad0067e36b41dbc9a20b2	\\x9f17c205819ad0067e36b41dbc9a20b2	51866	255
385	2022-07-01 17:46:24.297498+02	\\x70b3d57ed0050089	\\x0101010101010101	\\x00e2767b	\\xeab53a45edb8962698f24c57f97a7361	\\xeab53a45edb8962698f24c57f97a7361	\\xeab53a45edb8962698f24c57f97a7361	60245	255
386	2022-07-01 17:49:18.652676+02	\\x70b3d57ed0050089	\\x0101010101010101	\\x00cd5fc9	\\xde82fddcd04495b0483f34595e235a0a	\\xde82fddcd04495b0483f34595e235a0a	\\xde82fddcd04495b0483f34595e235a0a	21979	255
387	2022-07-01 18:05:59.161664+02	\\x70b3d57ed0050089	\\x0101010101010101	\\x00d0ebfc	\\x5a1f0211169d0b947a20dd1ff942f1cb	\\x5a1f0211169d0b947a20dd1ff942f1cb	\\x5a1f0211169d0b947a20dd1ff942f1cb	26603	255
388	2022-07-01 18:12:40.93284+02	\\x70b3d57ed0050089	\\x0101010101010101	\\x00b095b2	\\xf80856a87582beac3834bcfe37883826	\\xf80856a87582beac3834bcfe37883826	\\xf80856a87582beac3834bcfe37883826	45862	255
389	2022-07-01 18:16:27.676626+02	\\x70b3d57ed0050089	\\x0101010101010101	\\x006fbb89	\\x805e96e8d4bfbc18a24d371f6542cb67	\\x805e96e8d4bfbc18a24d371f6542cb67	\\x805e96e8d4bfbc18a24d371f6542cb67	47677	255
390	2022-07-04 00:13:33.224744+02	\\x70b3d57ed0050089	\\x0101010101010101	\\x0191dc77	\\xb6a31439cd3c206f05d45c96ed31e4bd	\\xb6a31439cd3c206f05d45c96ed31e4bd	\\xb6a31439cd3c206f05d45c96ed31e4bd	19165	255
391	2022-07-04 00:15:53.618152+02	\\x70b3d57ed0050089	\\x0101010101010101	\\x0196eab3	\\x3cf2568efc05c4527b30ffcbe56d2077	\\x3cf2568efc05c4527b30ffcbe56d2077	\\x3cf2568efc05c4527b30ffcbe56d2077	57778	255
392	2022-07-04 00:19:45.506639+02	\\x70b3d57ed0050089	\\x0101010101010101	\\x00862b82	\\x39deeb520030778845f096db0aa4e030	\\x39deeb520030778845f096db0aa4e030	\\x39deeb520030778845f096db0aa4e030	16886	255
393	2022-07-04 00:21:44.771375+02	\\x70b3d57ed0050089	\\x0101010101010101	\\x00bf7e89	\\x9a5f89d2522ae1800b322bcf240cf229	\\x9a5f89d2522ae1800b322bcf240cf229	\\x9a5f89d2522ae1800b322bcf240cf229	1047	255
394	2022-07-04 00:33:49.900845+02	\\x70b3d57ed0050089	\\x0101010101010101	\\x002a86ef	\\x882c84854cb5dbf8914e44758f829d28	\\x882c84854cb5dbf8914e44758f829d28	\\x882c84854cb5dbf8914e44758f829d28	26617	255
395	2022-07-04 00:45:46.190319+02	\\x70b3d57ed0050089	\\x0101010101010101	\\x01ace7f3	\\x4e186e086c734c99210fe6074f431557	\\x4e186e086c734c99210fe6074f431557	\\x4e186e086c734c99210fe6074f431557	23444	255
396	2022-07-04 00:48:54.103388+02	\\x70b3d57ed0050089	\\x0101010101010101	\\x00c04deb	\\xfdbfa08fc7d9acbebde249decbe8b616	\\xfdbfa08fc7d9acbebde249decbe8b616	\\xfdbfa08fc7d9acbebde249decbe8b616	62179	255
397	2022-07-04 00:58:50.067112+02	\\x70b3d57ed0050089	\\x0101010101010101	\\x002ab118	\\xc6cbfefc299f878859ee4cd1ce7ed98c	\\xc6cbfefc299f878859ee4cd1ce7ed98c	\\xc6cbfefc299f878859ee4cd1ce7ed98c	22624	255
398	2022-07-04 12:11:02.051837+02	\\x70b3d57ed0050089	\\x0101010101010101	\\x00d9785d	\\xada3ce7f29467f71c33e355636117545	\\xada3ce7f29467f71c33e355636117545	\\xada3ce7f29467f71c33e355636117545	14814	255
399	2022-07-04 12:17:44.413802+02	\\x70b3d57ed0050089	\\x0101010101010101	\\x002875ca	\\x58182a6e97616f893344240d1ad24f1e	\\x58182a6e97616f893344240d1ad24f1e	\\x58182a6e97616f893344240d1ad24f1e	54962	255
400	2022-07-04 12:20:22.303241+02	\\x70b3d57ed0050089	\\x0101010101010101	\\x00654f69	\\xbac558fad1166fb4c9b271d04c10236b	\\xbac558fad1166fb4c9b271d04c10236b	\\xbac558fad1166fb4c9b271d04c10236b	39194	255
401	2022-07-04 12:26:32.03668+02	\\x70b3d57ed0050089	\\x0101010101010101	\\x0146ac5d	\\xf4c1cb50060d04f8279ad2c3f9b2ac13	\\xf4c1cb50060d04f8279ad2c3f9b2ac13	\\xf4c1cb50060d04f8279ad2c3f9b2ac13	5116	255
402	2022-07-04 12:31:01.14752+02	\\x70b3d57ed0050089	\\x0101010101010101	\\x0110e26d	\\xe0aa4cb49574dab9da93632fb9f8507d	\\xe0aa4cb49574dab9da93632fb9f8507d	\\xe0aa4cb49574dab9da93632fb9f8507d	1943	255
403	2022-07-04 12:56:56.027775+02	\\x70b3d57ed0050089	\\x0101010101010101	\\x002bf8c0	\\x4a9856021b87474c6c2c85f7ea97dc67	\\x4a9856021b87474c6c2c85f7ea97dc67	\\x4a9856021b87474c6c2c85f7ea97dc67	12167	255
404	2022-07-04 12:58:20.579533+02	\\x70b3d57ed0050089	\\x0101010101010101	\\x00b8e975	\\x0fc8aa469aa57d816b6b2322033414bd	\\x0fc8aa469aa57d816b6b2322033414bd	\\x0fc8aa469aa57d816b6b2322033414bd	39177	255
405	2022-07-04 13:06:29.05548+02	\\x70b3d57ed0050089	\\x0101010101010101	\\x00cc6d74	\\x2cfce0d7e57bca3a56e2caf7461cf7e8	\\x2cfce0d7e57bca3a56e2caf7461cf7e8	\\x2cfce0d7e57bca3a56e2caf7461cf7e8	16788	255
406	2022-07-04 13:07:05.309436+02	\\x70b3d57ed0050089	\\x0101010101010101	\\x014125a4	\\xb16007d022e9666c2e0b2278528e7954	\\xb16007d022e9666c2e0b2278528e7954	\\xb16007d022e9666c2e0b2278528e7954	29697	255
407	2022-07-04 14:21:19.52003+02	\\x70b3d57ed0050089	\\x0101010101010101	\\x018c6086	\\x9b50629ca27ac53a31000aa82530b12d	\\x9b50629ca27ac53a31000aa82530b12d	\\x9b50629ca27ac53a31000aa82530b12d	29672	255
408	2022-07-04 14:23:22.594927+02	\\x70b3d57ed0050089	\\x0101010101010101	\\x00dc6e9b	\\xce40ccb65b4e8715c6ceed0f72d8b9c5	\\xce40ccb65b4e8715c6ceed0f72d8b9c5	\\xce40ccb65b4e8715c6ceed0f72d8b9c5	16915	255
409	2022-07-04 14:24:48.792313+02	\\x70b3d57ed0050089	\\x0101010101010101	\\x0105c17d	\\x9f64de1465f13661bf71b2cedb8e1657	\\x9f64de1465f13661bf71b2cedb8e1657	\\x9f64de1465f13661bf71b2cedb8e1657	17171	255
410	2022-07-04 14:28:16.052521+02	\\x70b3d57ed0050089	\\x0101010101010101	\\x01ae2d66	\\xfc1976cf0a5992b91076cd7b3290f02b	\\xfc1976cf0a5992b91076cd7b3290f02b	\\xfc1976cf0a5992b91076cd7b3290f02b	55115	255
411	2022-07-04 14:33:34.636643+02	\\x70b3d57ed0050089	\\x0101010101010101	\\x018c7902	\\xcd279039b067ebe39271a8fe007351a6	\\xcd279039b067ebe39271a8fe007351a6	\\xcd279039b067ebe39271a8fe007351a6	46070	255
412	2022-07-04 14:35:28.267032+02	\\x70b3d57ed0050089	\\x0101010101010101	\\x011f87c2	\\x9935bc20742a0714bf6facfa7621bde1	\\x9935bc20742a0714bf6facfa7621bde1	\\x9935bc20742a0714bf6facfa7621bde1	5322	255
413	2022-07-04 14:37:06.750602+02	\\x70b3d57ed0050089	\\x0101010101010101	\\x01b88d4d	\\xacf70cbd2598343210c5fe82d849fb4a	\\xacf70cbd2598343210c5fe82d849fb4a	\\xacf70cbd2598343210c5fe82d849fb4a	54940	255
414	2022-07-04 14:40:11.672885+02	\\x70b3d57ed0050089	\\x0101010101010101	\\x012e56eb	\\xc0ef6bb4b54fd1391059b341c3e4d874	\\xc0ef6bb4b54fd1391059b341c3e4d874	\\xc0ef6bb4b54fd1391059b341c3e4d874	21468	255
415	2022-07-04 16:26:36.010667+02	\\x70b3d57ed0050089	\\x0101010101010101	\\x00b93d58	\\xfdd211f45e4530384e2001a8cfd758db	\\xfdd211f45e4530384e2001a8cfd758db	\\xfdd211f45e4530384e2001a8cfd758db	40325	255
416	2022-07-04 16:27:09.662458+02	\\x70b3d57ed0050089	\\x0101010101010101	\\x00484188	\\x02ff6f286654b6d2cdf5c23026f74466	\\x02ff6f286654b6d2cdf5c23026f74466	\\x02ff6f286654b6d2cdf5c23026f74466	32623	255
417	2022-07-04 16:27:56.270519+02	\\x70b3d57ed0050089	\\x0101010101010101	\\x018742aa	\\x5c70bc6239bfea3d1d459408e99d8159	\\x5c70bc6239bfea3d1d459408e99d8159	\\x5c70bc6239bfea3d1d459408e99d8159	44899	255
418	2022-07-04 16:31:31.56132+02	\\x70b3d57ed0050089	\\x0101010101010101	\\x019b6ba1	\\x72c1e7b221a2c18ee5c36260dbd0bc91	\\x72c1e7b221a2c18ee5c36260dbd0bc91	\\x72c1e7b221a2c18ee5c36260dbd0bc91	17277	255
419	2022-07-04 16:32:23.951559+02	\\x70b3d57ed0050089	\\x0101010101010101	\\x01bc22e9	\\x6b495946055d9f566f25385f8d1aac84	\\x6b495946055d9f566f25385f8d1aac84	\\x6b495946055d9f566f25385f8d1aac84	49907	255
420	2022-07-04 16:33:50.057129+02	\\x70b3d57ed0050089	\\x0101010101010101	\\x00e17c61	\\x5c7a34382046a94030087f29fbd6af6c	\\x5c7a34382046a94030087f29fbd6af6c	\\x5c7a34382046a94030087f29fbd6af6c	2811	255
421	2022-07-04 16:37:50.07595+02	\\x70b3d57ed0050089	\\x0101010101010101	\\x0014bbd9	\\x2a660ef1ffe941cef28c7dd7a74dec2a	\\x2a660ef1ffe941cef28c7dd7a74dec2a	\\x2a660ef1ffe941cef28c7dd7a74dec2a	26990	255
422	2022-07-04 16:38:08.398019+02	\\x70b3d57ed0050089	\\x0101010101010101	\\x0199efb3	\\xb168a6f6ca6fbf6d901ddbb30699e377	\\xb168a6f6ca6fbf6d901ddbb30699e377	\\xb168a6f6ca6fbf6d901ddbb30699e377	60348	255
423	2022-07-04 16:38:20.628437+02	\\x70b3d57ed0050089	\\x0101010101010101	\\x007d5c6a	\\xbcafd85e01dc6d2f235951e020909156	\\xbcafd85e01dc6d2f235951e020909156	\\xbcafd85e01dc6d2f235951e020909156	62803	255
424	2022-07-04 16:42:09.93439+02	\\x70b3d57ed0050089	\\x0101010101010101	\\x00838de7	\\x5507da12bc8ee63b21d284e062837522	\\x5507da12bc8ee63b21d284e062837522	\\x5507da12bc8ee63b21d284e062837522	25164	255
425	2022-07-04 16:42:40.763482+02	\\x70b3d57ed0050089	\\x0101010101010101	\\x010436ef	\\x81708db6f50ceed3e210a9e6e27a3406	\\x81708db6f50ceed3e210a9e6e27a3406	\\x81708db6f50ceed3e210a9e6e27a3406	36198	255
426	2022-07-04 16:47:15.241669+02	\\x70b3d57ed0050089	\\x0101010101010101	\\x0107dd43	\\xf76ea691c4eebff51ee16e1bb58009c0	\\xf76ea691c4eebff51ee16e1bb58009c0	\\xf76ea691c4eebff51ee16e1bb58009c0	6045	255
427	2022-07-04 16:50:58.478754+02	\\x70b3d57ed0050089	\\x0101010101010101	\\x01fc339d	\\x1091d2709afad9308505e9a97bd619fd	\\x1091d2709afad9308505e9a97bd619fd	\\x1091d2709afad9308505e9a97bd619fd	9342	255
428	2022-07-04 16:51:07.874138+02	\\x70b3d57ed0050089	\\x0101010101010101	\\x0077d2f3	\\x27be93429b88c1ba03769e56db4a5955	\\x27be93429b88c1ba03769e56db4a5955	\\x27be93429b88c1ba03769e56db4a5955	43817	255
429	2022-07-04 16:53:20.506483+02	\\x70b3d57ed0050089	\\x0101010101010101	\\x00810039	\\x1917a9f75f161da9d709c165334ba84d	\\x1917a9f75f161da9d709c165334ba84d	\\x1917a9f75f161da9d709c165334ba84d	48113	255
430	2022-07-04 16:58:38.867832+02	\\x70b3d57ed0050089	\\x0101010101010101	\\x00d70f49	\\x708e22bec956c60d2b8b6291c8646db7	\\x708e22bec956c60d2b8b6291c8646db7	\\x708e22bec956c60d2b8b6291c8646db7	54942	255
431	2022-07-04 16:58:54.454983+02	\\x70b3d57ed0050089	\\x0101010101010101	\\x01ab05fa	\\x158fd5e3b52895beb721bc0b2071b006	\\x158fd5e3b52895beb721bc0b2071b006	\\x158fd5e3b52895beb721bc0b2071b006	25484	255
432	2022-07-04 17:00:45.943396+02	\\x70b3d57ed0050089	\\x0101010101010101	\\x01f85774	\\x1a55f721127a8c88e6e63a9b82399a0a	\\x1a55f721127a8c88e6e63a9b82399a0a	\\x1a55f721127a8c88e6e63a9b82399a0a	14359	255
433	2022-07-04 17:01:40.263231+02	\\x70b3d57ed0050089	\\x0101010101010101	\\x01425dad	\\x645ba3039eefa71223b06c203a5e3baf	\\x645ba3039eefa71223b06c203a5e3baf	\\x645ba3039eefa71223b06c203a5e3baf	59589	255
434	2022-07-04 17:08:41.521528+02	\\x70b3d57ed0050089	\\x0101010101010101	\\x0136f7f1	\\x50c2e0a8050bfcbad0994cdac1eff915	\\x50c2e0a8050bfcbad0994cdac1eff915	\\x50c2e0a8050bfcbad0994cdac1eff915	51094	255
435	2022-07-04 17:11:34.256781+02	\\x70b3d57ed0050089	\\x0101010101010101	\\x01fb43c8	\\xf1f882b18053517d27959d4bda300bac	\\xf1f882b18053517d27959d4bda300bac	\\xf1f882b18053517d27959d4bda300bac	28008	255
436	2022-07-04 17:13:26.032726+02	\\x02c59a6d8813fc97	\\x0000000000000000	\\x01e5ccfc	\\x57b06593ae5d1215afc4d99d99a2a271	\\x57b06593ae5d1215afc4d99d99a2a271	\\x57b06593ae5d1215afc4d99d99a2a271	20172	255
437	2022-07-04 17:14:25.546199+02	\\x70b3d57ed0050089	\\x0101010101010101	\\x017f8a13	\\xaf197320090478da6189b68280bbdbab	\\xaf197320090478da6189b68280bbdbab	\\xaf197320090478da6189b68280bbdbab	12110	255
438	2022-07-04 17:15:12.002863+02	\\x70b3d57ed0050089	\\x0101010101010101	\\x01a7ed72	\\x5c4ec2f1174d5df036840c88d23d3a80	\\x5c4ec2f1174d5df036840c88d23d3a80	\\x5c4ec2f1174d5df036840c88d23d3a80	15062	255
439	2022-07-04 17:16:19.943737+02	\\x70b3d57ed0050089	\\x0101010101010101	\\x01368ddb	\\x680a981074ffd439870c2ef3d53be4de	\\x680a981074ffd439870c2ef3d53be4de	\\x680a981074ffd439870c2ef3d53be4de	45260	255
440	2022-07-04 17:16:35.38543+02	\\x70b3d57ed0050089	\\x0101010101010101	\\x00210246	\\xc6bc0b5418cf419e8a5bf7071ad6307a	\\xc6bc0b5418cf419e8a5bf7071ad6307a	\\xc6bc0b5418cf419e8a5bf7071ad6307a	8189	255
441	2022-07-04 17:17:28.666314+02	\\x70b3d57ed0050089	\\x0101010101010101	\\x0168cca7	\\xd5de987d865d6810f0c49c739f44c5af	\\xd5de987d865d6810f0c49c739f44c5af	\\xd5de987d865d6810f0c49c739f44c5af	9419	255
442	2022-07-04 17:18:30.835176+02	\\x70b3d57ed0050089	\\x0101010101010101	\\x018ecc94	\\xde3eefaea8ca4d8baed8c9c854eba088	\\xde3eefaea8ca4d8baed8c9c854eba088	\\xde3eefaea8ca4d8baed8c9c854eba088	56662	255
443	2022-07-04 17:19:02.654017+02	\\x02c59a6d8813fc97	\\x0000000000000000	\\x001037bd	\\x2fb1d9eb6ab13e92fb0f4a699b01962d	\\x2fb1d9eb6ab13e92fb0f4a699b01962d	\\x2fb1d9eb6ab13e92fb0f4a699b01962d	50037	255
444	2022-07-04 17:20:14.606343+02	\\x70b3d57ed0050089	\\x0101010101010101	\\x00c7c8a3	\\x1bb6dee3b0520b2bad305b57b265bd8b	\\x1bb6dee3b0520b2bad305b57b265bd8b	\\x1bb6dee3b0520b2bad305b57b265bd8b	27014	255
445	2022-07-04 17:20:45.993793+02	\\x70b3d57ed0050089	\\x0101010101010101	\\x01f9e61c	\\x87bc14f492bccd92f5f5be338366e022	\\x87bc14f492bccd92f5f5be338366e022	\\x87bc14f492bccd92f5f5be338366e022	64549	255
446	2022-07-04 17:21:42.465747+02	\\x70b3d57ed0050089	\\x0101010101010101	\\x00fe208c	\\xd10bbcfee7ac054cbe1b35f54b06729f	\\xd10bbcfee7ac054cbe1b35f54b06729f	\\xd10bbcfee7ac054cbe1b35f54b06729f	43988	255
447	2022-07-04 17:22:46.880994+02	\\x70b3d57ed0050089	\\x0101010101010101	\\x0167cd62	\\x2a97bdfc3638dc2f1e2d993b4c308832	\\x2a97bdfc3638dc2f1e2d993b4c308832	\\x2a97bdfc3638dc2f1e2d993b4c308832	44423	255
448	2022-07-04 17:23:43.92954+02	\\x70b3d57ed0050089	\\x0101010101010101	\\x01e7d641	\\xf8ea2e53df3f206e06f944c8774853e5	\\xf8ea2e53df3f206e06f944c8774853e5	\\xf8ea2e53df3f206e06f944c8774853e5	11831	255
449	2022-07-04 17:24:11.967687+02	\\x70b3d57ed0050089	\\x0101010101010101	\\x01f25768	\\x51b1e3fffe2ae534930d6c87a5944711	\\x51b1e3fffe2ae534930d6c87a5944711	\\x51b1e3fffe2ae534930d6c87a5944711	25045	255
450	2022-07-04 17:34:17.48129+02	\\x70b3d57ed0050089	\\x0101010101010101	\\x00e843bc	\\x408a77092a6ad483d3e44f3553ab7c94	\\x408a77092a6ad483d3e44f3553ab7c94	\\x408a77092a6ad483d3e44f3553ab7c94	45264	255
451	2022-07-04 17:34:42.138371+02	\\x70b3d57ed0050089	\\x0101010101010101	\\x00993950	\\xfdf57d43f792806867de9a86b03b08ab	\\xfdf57d43f792806867de9a86b03b08ab	\\xfdf57d43f792806867de9a86b03b08ab	7379	255
452	2022-07-04 17:36:23.750999+02	\\x70b3d57ed0050089	\\x0101010101010101	\\x017de9dd	\\x17c764d8fcb38c1f6cac0b632cd680fa	\\x17c764d8fcb38c1f6cac0b632cd680fa	\\x17c764d8fcb38c1f6cac0b632cd680fa	22967	255
453	2022-07-04 17:50:25.010522+02	\\x70b3d57ed0050089	\\x0101010101010101	\\x00580b6b	\\x9d375679fc4db683b7385076c63f133b	\\x9d375679fc4db683b7385076c63f133b	\\x9d375679fc4db683b7385076c63f133b	59556	255
454	2022-07-05 13:37:07.563817+02	\\x70b3d57ed0050089	\\x0101010101010101	\\x01ce1066	\\x787e04cd8e9fdd9c38141bd4c2b7bd69	\\x787e04cd8e9fdd9c38141bd4c2b7bd69	\\x787e04cd8e9fdd9c38141bd4c2b7bd69	21006	255
455	2022-07-05 13:45:18.994195+02	\\x70b3d57ed0050089	\\x0101010101010101	\\x00d077c4	\\xf0392887b648bc88d0d5999eba406c7f	\\xf0392887b648bc88d0d5999eba406c7f	\\xf0392887b648bc88d0d5999eba406c7f	23607	255
456	2022-07-05 13:53:02.040769+02	\\x70b3d57ed0050089	\\x0101010101010101	\\x00abe693	\\x86b30d9357af196025aa92c341e8fac3	\\x86b30d9357af196025aa92c341e8fac3	\\x86b30d9357af196025aa92c341e8fac3	64153	255
457	2022-07-05 14:07:29.213865+02	\\x70b3d57ed0050089	\\x0101010101010101	\\x01dab6af	\\x0ce1726b2a1f313cebe2eb9aea0c049e	\\x0ce1726b2a1f313cebe2eb9aea0c049e	\\x0ce1726b2a1f313cebe2eb9aea0c049e	15223	255
458	2022-07-05 14:12:58.63662+02	\\x70b3d57ed0050089	\\x0101010101010101	\\x0110e63b	\\x5836bfd77e693b2c1977e4a27c84c154	\\x5836bfd77e693b2c1977e4a27c84c154	\\x5836bfd77e693b2c1977e4a27c84c154	37055	255
459	2022-07-05 14:15:46.928781+02	\\x70b3d57ed0050089	\\x0101010101010101	\\x01de416e	\\xa8899b7dd84cef76837e03cbc25cb748	\\xa8899b7dd84cef76837e03cbc25cb748	\\xa8899b7dd84cef76837e03cbc25cb748	33587	255
460	2022-07-05 14:17:42.791441+02	\\x70b3d57ed0050089	\\x0101010101010101	\\x0121611e	\\x05ac0573dbebde973431db61c6c8d1d9	\\x05ac0573dbebde973431db61c6c8d1d9	\\x05ac0573dbebde973431db61c6c8d1d9	62350	255
461	2022-07-05 14:25:25.225976+02	\\x70b3d57ed0050089	\\x0101010101010101	\\x00c3c80a	\\x77d7e561fe64d2b6f23262344f2546fc	\\x77d7e561fe64d2b6f23262344f2546fc	\\x77d7e561fe64d2b6f23262344f2546fc	37407	255
462	2022-07-05 14:56:59.64086+02	\\x70b3d57ed0050089	\\x0101010101010101	\\x0026b50c	\\x12e1b3d60304c9de85d1116f0da88c17	\\x12e1b3d60304c9de85d1116f0da88c17	\\x12e1b3d60304c9de85d1116f0da88c17	26679	255
463	2022-07-05 14:57:31.769723+02	\\x70b3d57ed0050089	\\x0101010101010101	\\x0110eb4c	\\xebf5e3e548691676ace533d8ca82c594	\\xebf5e3e548691676ace533d8ca82c594	\\xebf5e3e548691676ace533d8ca82c594	47151	255
464	2022-07-06 14:14:36.61701+02	\\x70b3d57ed0050089	\\x0101010101010101	\\x00ef1cd3	\\x514c4a0b18691c4042eeb7952fbffbf4	\\x514c4a0b18691c4042eeb7952fbffbf4	\\x514c4a0b18691c4042eeb7952fbffbf4	11491	255
465	2022-07-06 14:18:15.485784+02	\\x70b3d57ed0050089	\\x0101010101010101	\\x0174ff79	\\x9a1529730315ba19a4bbfbfdf297f36c	\\x9a1529730315ba19a4bbfbfdf297f36c	\\x9a1529730315ba19a4bbfbfdf297f36c	22406	255
466	2022-07-06 14:25:27.023864+02	\\x70b3d57ed0050089	\\x0101010101010101	\\x01b708a1	\\x82152561352653e31e00cb40a00fb404	\\x82152561352653e31e00cb40a00fb404	\\x82152561352653e31e00cb40a00fb404	60909	255
467	2022-07-06 14:26:05.901714+02	\\x70b3d57ed0050089	\\x0101010101010101	\\x01758348	\\xbe8f05bf1cfca5269504ecb7ec25e5bf	\\xbe8f05bf1cfca5269504ecb7ec25e5bf	\\xbe8f05bf1cfca5269504ecb7ec25e5bf	41423	255
468	2022-07-06 14:31:26.509745+02	\\x70b3d57ed0050089	\\x0101010101010101	\\x00caecbe	\\x7798e5d67aebd794dcc0b4b00593c4b6	\\x7798e5d67aebd794dcc0b4b00593c4b6	\\x7798e5d67aebd794dcc0b4b00593c4b6	58357	255
469	2022-07-06 15:04:23.00666+02	\\x70b3d57ed0050089	\\x0101010101010101	\\x00590328	\\xd991a7e8fa3bfb7dab51dc1c1b60f808	\\xd991a7e8fa3bfb7dab51dc1c1b60f808	\\xd991a7e8fa3bfb7dab51dc1c1b60f808	60790	255
470	2022-07-06 15:06:48.757802+02	\\x70b3d57ed0050089	\\x0101010101010101	\\x007f6ce6	\\xd201d15f86d873a214877d0b48470ee1	\\xd201d15f86d873a214877d0b48470ee1	\\xd201d15f86d873a214877d0b48470ee1	30359	255
471	2022-07-06 15:10:11.585032+02	\\x70b3d57ed0050089	\\x0101010101010101	\\x0055fc37	\\x9bbd67409104ba49bc4440287930e35d	\\x9bbd67409104ba49bc4440287930e35d	\\x9bbd67409104ba49bc4440287930e35d	50421	255
472	2022-07-06 15:11:33.060945+02	\\x70b3d57ed0050089	\\x0101010101010101	\\x01ab5180	\\xb9660e50b9e2cca18152d1fae7e858aa	\\xb9660e50b9e2cca18152d1fae7e858aa	\\xb9660e50b9e2cca18152d1fae7e858aa	23661	255
473	2022-07-06 16:28:51.506744+02	\\x70b3d57ed0050089	\\x0101010101010101	\\x014ef8e0	\\xc1a074a7edcc46d9036ffa50070f13ad	\\xc1a074a7edcc46d9036ffa50070f13ad	\\xc1a074a7edcc46d9036ffa50070f13ad	47000	255
474	2022-07-06 16:31:49.132445+02	\\x70b3d57ed0050089	\\x0101010101010101	\\x0057b7ae	\\x2845bf8c316683ee91d19ac652e5f304	\\x2845bf8c316683ee91d19ac652e5f304	\\x2845bf8c316683ee91d19ac652e5f304	41900	255
475	2022-07-06 16:45:08.198558+02	\\x70b3d57ed0050089	\\x0101010101010101	\\x007ef77a	\\xfbaa523eb374beb1163727de75cf7017	\\xfbaa523eb374beb1163727de75cf7017	\\xfbaa523eb374beb1163727de75cf7017	32154	255
476	2022-07-06 16:52:40.147977+02	\\x70b3d57ed0050089	\\x0101010101010101	\\x00d08751	\\xb3eaaa9ef294b4316c121a6f17e2881f	\\xb3eaaa9ef294b4316c121a6f17e2881f	\\xb3eaaa9ef294b4316c121a6f17e2881f	5177	255
477	2022-07-06 16:53:24.804522+02	\\x70b3d57ed0050089	\\x0101010101010101	\\x005b7ce9	\\xa2c3aa225ed9b52487591720f4a70381	\\xa2c3aa225ed9b52487591720f4a70381	\\xa2c3aa225ed9b52487591720f4a70381	61423	255
478	2022-07-06 16:54:55.743063+02	\\x70b3d57ed0050089	\\x0101010101010101	\\x01038bd5	\\xaa2c8e2654d066838132388ffda7a741	\\xaa2c8e2654d066838132388ffda7a741	\\xaa2c8e2654d066838132388ffda7a741	45935	255
479	2022-07-06 16:57:10.086809+02	\\x70b3d57ed0050089	\\x0101010101010101	\\x000f6602	\\x824e06bce274aee1453a6117e1247ab0	\\x824e06bce274aee1453a6117e1247ab0	\\x824e06bce274aee1453a6117e1247ab0	62824	255
480	2022-07-06 16:57:48.913707+02	\\x70b3d57ed0050089	\\x0101010101010101	\\x00efd4e2	\\x70db78bf3086677335d43a39726a9169	\\x70db78bf3086677335d43a39726a9169	\\x70db78bf3086677335d43a39726a9169	40545	255
481	2022-07-06 17:00:03.291495+02	\\x70b3d57ed0050089	\\x0101010101010101	\\x007c99ad	\\x2f83ed5c86ecf1e11fd455e086fd7d94	\\x2f83ed5c86ecf1e11fd455e086fd7d94	\\x2f83ed5c86ecf1e11fd455e086fd7d94	36073	255
482	2022-07-06 17:00:23.6253+02	\\x70b3d57ed0050089	\\x0101010101010101	\\x0043c704	\\x668a83f4ccd52dca657748460102c9a2	\\x668a83f4ccd52dca657748460102c9a2	\\x668a83f4ccd52dca657748460102c9a2	49136	255
483	2022-07-06 17:04:51.084688+02	\\x70b3d57ed0050089	\\x0101010101010101	\\x006148ac	\\x6b323c2c6c0bd3f6a94639bb3134dc40	\\x6b323c2c6c0bd3f6a94639bb3134dc40	\\x6b323c2c6c0bd3f6a94639bb3134dc40	52745	255
484	2022-07-06 17:05:06.648391+02	\\x70b3d57ed0050089	\\x0101010101010101	\\x0120923a	\\xfe101a4fe75b0fc6e9f992446e803a5d	\\xfe101a4fe75b0fc6e9f992446e803a5d	\\xfe101a4fe75b0fc6e9f992446e803a5d	52341	255
485	2022-07-07 15:16:53.544572+02	\\x70b3d57ed0050089	\\x0101010101010101	\\x00879e50	\\xdc10e91690cd6e273d83715cf7313d0c	\\xdc10e91690cd6e273d83715cf7313d0c	\\xdc10e91690cd6e273d83715cf7313d0c	37803	255
486	2022-07-07 15:18:15.624048+02	\\x70b3d57ed0050089	\\x0101010101010101	\\x0056f072	\\x7a06b9120f30ebdca84ef425c309095c	\\x7a06b9120f30ebdca84ef425c309095c	\\x7a06b9120f30ebdca84ef425c309095c	36089	255
487	2022-07-07 15:19:46.500457+02	\\x70b3d57ed0050089	\\x0101010101010101	\\x00066f1b	\\xc266816775e63678d33a7c1f09120bff	\\xc266816775e63678d33a7c1f09120bff	\\xc266816775e63678d33a7c1f09120bff	59198	255
488	2022-07-07 15:20:04.155647+02	\\x70b3d57ed0050089	\\x0101010101010101	\\x01505c1c	\\x141f63521f5b462a9e8bef4ef44d6b8b	\\x141f63521f5b462a9e8bef4ef44d6b8b	\\x141f63521f5b462a9e8bef4ef44d6b8b	23260	255
489	2022-07-07 15:21:28.116709+02	\\x70b3d57ed0050089	\\x0101010101010101	\\x00f90ec1	\\x9bd811cabb8388bff9932da6c27e44d9	\\x9bd811cabb8388bff9932da6c27e44d9	\\x9bd811cabb8388bff9932da6c27e44d9	21317	255
490	2022-07-07 15:21:56.615924+02	\\x70b3d57ed0050089	\\x0101010101010101	\\x009d7d82	\\x447249494d5f07fe6f6378cf64714c27	\\x447249494d5f07fe6f6378cf64714c27	\\x447249494d5f07fe6f6378cf64714c27	19630	255
491	2022-07-07 15:23:37.504723+02	\\x02c59a6d8813fc97	\\x0000000000000000	\\x008d44e4	\\x22b2997260ccab6f7c508e6cae8d0def	\\x22b2997260ccab6f7c508e6cae8d0def	\\x22b2997260ccab6f7c508e6cae8d0def	20158	255
492	2022-07-07 15:24:59.728976+02	\\x70b3d57ed0050089	\\x0101010101010101	\\x0100bcc4	\\xa7f8de8456a9a08f649502cc9a4ea5d9	\\xa7f8de8456a9a08f649502cc9a4ea5d9	\\xa7f8de8456a9a08f649502cc9a4ea5d9	46313	255
493	2022-07-07 15:26:58.924155+02	\\x70b3d57ed0050089	\\x0101010101010101	\\x016fbd21	\\x26f15bfb945b3dc41b7ceed07d8ef40e	\\x26f15bfb945b3dc41b7ceed07d8ef40e	\\x26f15bfb945b3dc41b7ceed07d8ef40e	63889	255
494	2022-07-07 15:27:36.963861+02	\\x70b3d57ed0050089	\\x0101010101010101	\\x0112e3e2	\\x6de7ba5fb78a56401ab90ef46d66aef4	\\x6de7ba5fb78a56401ab90ef46d66aef4	\\x6de7ba5fb78a56401ab90ef46d66aef4	34223	255
495	2022-07-07 15:31:23.084733+02	\\x70b3d57ed0050089	\\x0101010101010101	\\x01898d01	\\x9200d892aa576392ceaee9a7fef54907	\\x9200d892aa576392ceaee9a7fef54907	\\x9200d892aa576392ceaee9a7fef54907	18796	255
496	2022-07-07 15:33:12.241477+02	\\x70b3d57ed0050089	\\x0101010101010101	\\x0006bcfe	\\xfd4a824851b67cd0eada9e4e35e123d5	\\xfd4a824851b67cd0eada9e4e35e123d5	\\xfd4a824851b67cd0eada9e4e35e123d5	36300	255
497	2022-07-07 15:46:02.140835+02	\\x70b3d57ed0050089	\\x0101010101010101	\\x01c736d9	\\xd3b352d23a4b6ffb0fed06c4ef2b2e30	\\xd3b352d23a4b6ffb0fed06c4ef2b2e30	\\xd3b352d23a4b6ffb0fed06c4ef2b2e30	46757	255
498	2022-07-07 15:52:43.75457+02	\\x70b3d57ed0050089	\\x0101010101010101	\\x005efd34	\\x954546e3f856f94e5321ed2ef76753c3	\\x954546e3f856f94e5321ed2ef76753c3	\\x954546e3f856f94e5321ed2ef76753c3	14669	255
500	2022-07-07 15:55:10.520285+02	\\x70b3d57ed0050089	\\x0101010101010101	\\x00c74c6b	\\xc1d662825627b57364d2be32264a216e	\\xc1d662825627b57364d2be32264a216e	\\xc1d662825627b57364d2be32264a216e	16732	255
502	2022-07-07 16:19:33.792606+02	\\x70b3d57ed0050089	\\x0101010101010101	\\x01d678b1	\\xee745f2345dd22c692298a2171cba47d	\\xee745f2345dd22c692298a2171cba47d	\\xee745f2345dd22c692298a2171cba47d	17270	255
499	2022-07-07 15:54:46.285011+02	\\x70b3d57ed0050089	\\x0101010101010101	\\x00ccb416	\\x01d759d7675266ce4ca51047b9f87f81	\\x01d759d7675266ce4ca51047b9f87f81	\\x01d759d7675266ce4ca51047b9f87f81	8708	255
501	2022-07-07 16:04:02.909698+02	\\x70b3d57ed0050089	\\x0101010101010101	\\x01627048	\\x1a8666119801337df0b76596857f77b7	\\x1a8666119801337df0b76596857f77b7	\\x1a8666119801337df0b76596857f77b7	24441	255
503	2022-07-07 16:34:13.054864+02	\\x70b3d57ed0050089	\\x0101010101010101	\\x00a7eb00	\\x845cf04cc7706e826b742979dfaacb10	\\x845cf04cc7706e826b742979dfaacb10	\\x845cf04cc7706e826b742979dfaacb10	58746	255
504	2022-07-07 16:48:36.904487+02	\\x70b3d57ed0050089	\\x0101010101010101	\\x01fbcebc	\\xa99075dd7d9154f5ef52423cc117d5eb	\\xa99075dd7d9154f5ef52423cc117d5eb	\\xa99075dd7d9154f5ef52423cc117d5eb	18468	255
505	2022-07-07 16:51:15.857474+02	\\x70b3d57ed0050089	\\x0101010101010101	\\x01f583db	\\xb76c5644c51c0434cdc804f23a4735b5	\\xb76c5644c51c0434cdc804f23a4735b5	\\xb76c5644c51c0434cdc804f23a4735b5	43334	255
506	2022-07-07 16:52:50.114802+02	\\x70b3d57ed0050089	\\x0101010101010101	\\x01e49e3e	\\x13e5aef0ba770c27c7578d66e09a0504	\\x13e5aef0ba770c27c7578d66e09a0504	\\x13e5aef0ba770c27c7578d66e09a0504	17401	255
507	2022-07-07 17:01:31.345399+02	\\x70b3d57ed0050089	\\x0101010101010101	\\x01f37be3	\\x3494b6d7b5ace170f1ca2245bad80315	\\x3494b6d7b5ace170f1ca2245bad80315	\\x3494b6d7b5ace170f1ca2245bad80315	57117	255
508	2022-07-07 17:03:15.349487+02	\\x70b3d57ed0050089	\\x0101010101010101	\\x01346981	\\x3dccf485eacab451fe859f69408ccb21	\\x3dccf485eacab451fe859f69408ccb21	\\x3dccf485eacab451fe859f69408ccb21	6540	255
509	2022-07-07 17:06:06.618342+02	\\x70b3d57ed0050089	\\x0101010101010101	\\x00e9635b	\\xaa1e7fc7a99b74cc6073f4ac255e3b26	\\xaa1e7fc7a99b74cc6073f4ac255e3b26	\\xaa1e7fc7a99b74cc6073f4ac255e3b26	42187	255
510	2022-07-07 17:40:02.985132+02	\\x70b3d57ed0050089	\\x0101010101010101	\\x00e4674b	\\x0626a4eae603667cd1028d82652a95a7	\\x0626a4eae603667cd1028d82652a95a7	\\x0626a4eae603667cd1028d82652a95a7	33433	255
511	2022-07-07 17:43:02.732629+02	\\x70b3d57ed0050089	\\x0101010101010101	\\x01de80e2	\\x9c5ee1be5bd04ae217a976e0aadcd67c	\\x9c5ee1be5bd04ae217a976e0aadcd67c	\\x9c5ee1be5bd04ae217a976e0aadcd67c	63657	255
512	2022-07-07 17:58:38.601378+02	\\x70b3d57ed0050089	\\x0101010101010101	\\x00f259ed	\\x154e70e45e936d965b692e7ad9cbe396	\\x154e70e45e936d965b692e7ad9cbe396	\\x154e70e45e936d965b692e7ad9cbe396	62594	255
513	2022-07-07 17:59:00.83309+02	\\x70b3d57ed0050089	\\x0101010101010101	\\x00486bca	\\x28cd54f4eb496a5aa6380620cc1a062f	\\x28cd54f4eb496a5aa6380620cc1a062f	\\x28cd54f4eb496a5aa6380620cc1a062f	54136	255
514	2022-07-07 18:00:14.1386+02	\\x70b3d57ed0050089	\\x0101010101010101	\\x013c7c93	\\x8e35b8b292acdd06f00411d38e1f6f2d	\\x8e35b8b292acdd06f00411d38e1f6f2d	\\x8e35b8b292acdd06f00411d38e1f6f2d	56324	255
515	2022-07-07 18:01:55.962885+02	\\x70b3d57ed0050089	\\x0101010101010101	\\x011d97d0	\\x97f4409b185f017c558c73bea6b283d7	\\x97f4409b185f017c558c73bea6b283d7	\\x97f4409b185f017c558c73bea6b283d7	63128	255
516	2022-07-07 18:03:52.242407+02	\\x70b3d57ed0050089	\\x0101010101010101	\\x01894f1f	\\x752cb6c1f4163657a74c263cbf57cc4d	\\x752cb6c1f4163657a74c263cbf57cc4d	\\x752cb6c1f4163657a74c263cbf57cc4d	35718	255
549	2022-07-08 15:34:29.283052+02	\\x70b3d57ed0050089	\\x0101010101010101	\\x0062c254	\\x512e1cacbb114cf2b46659da1c3bc734	\\x512e1cacbb114cf2b46659da1c3bc734	\\x512e1cacbb114cf2b46659da1c3bc734	5900	255
550	2022-07-08 15:35:29.73937+02	\\x70b3d57ed0050089	\\x0101010101010101	\\x01209936	\\x999a9a14a5d1e3838726b60085b45086	\\x999a9a14a5d1e3838726b60085b45086	\\x999a9a14a5d1e3838726b60085b45086	26602	255
551	2022-07-08 16:13:23.91642+02	\\x70b3d57ed0050089	\\x0101010101010101	\\x00e9788f	\\xb6841abae941b803b10078b853a4a1b2	\\xb6841abae941b803b10078b853a4a1b2	\\xb6841abae941b803b10078b853a4a1b2	42578	255
552	2022-07-11 15:28:35.696384+02	\\x70b3d57ed0050089	\\x0101010101010101	\\x008fb146	\\xd5675a10ec244d9d3375e4dad7d3c1de	\\xd5675a10ec244d9d3375e4dad7d3c1de	\\xd5675a10ec244d9d3375e4dad7d3c1de	31358	255
553	2022-07-11 15:35:12.137609+02	\\x70b3d57ed0050089	\\x0101010101010101	\\x004fb940	\\x401c2e872b0293eb286cc9a15b648179	\\x401c2e872b0293eb286cc9a15b648179	\\x401c2e872b0293eb286cc9a15b648179	3746	255
554	2022-07-11 15:49:16.124463+02	\\x70b3d57ed0050089	\\x0101010101010101	\\x007183b0	\\x09b25aa2c357565f70be1740b468ad87	\\x09b25aa2c357565f70be1740b468ad87	\\x09b25aa2c357565f70be1740b468ad87	48617	255
555	2022-07-11 16:04:44.030682+02	\\x70b3d57ed0050089	\\x0101010101010101	\\x001fb28d	\\xa8c394f483f3e77039e95008ce3e380f	\\xa8c394f483f3e77039e95008ce3e380f	\\xa8c394f483f3e77039e95008ce3e380f	49294	255
556	2022-07-11 16:04:48.115317+02	\\x70b3d57ed0050089	\\x0101010101010101	\\x0159f404	\\x674679d4137954c629310477921f4ed2	\\x674679d4137954c629310477921f4ed2	\\x674679d4137954c629310477921f4ed2	45060	255
557	2022-07-11 16:07:55.706292+02	\\x70b3d57ed0050089	\\x0101010101010101	\\x01429e51	\\xdb2334f1b05e4806fd6fdf2a850e7b5f	\\xdb2334f1b05e4806fd6fdf2a850e7b5f	\\xdb2334f1b05e4806fd6fdf2a850e7b5f	53750	255
558	2022-07-11 16:16:06.890336+02	\\x70b3d57ed0050089	\\x0101010101010101	\\x00573040	\\x4fb1a547da6e1d4cba06973acf229ba3	\\x4fb1a547da6e1d4cba06973acf229ba3	\\x4fb1a547da6e1d4cba06973acf229ba3	22271	255
559	2022-07-11 16:23:26.756088+02	\\x70b3d57ed0050089	\\x0101010101010101	\\x0005d25e	\\x7bcc7ae923317f44ba28a583fc4ca259	\\x7bcc7ae923317f44ba28a583fc4ca259	\\x7bcc7ae923317f44ba28a583fc4ca259	41583	255
560	2022-07-11 16:29:34.361194+02	\\x70b3d57ed0050089	\\x0101010101010101	\\x017c2dbc	\\xff76894f2129fefc2637e2125953bee6	\\xff76894f2129fefc2637e2125953bee6	\\xff76894f2129fefc2637e2125953bee6	52084	255
561	2022-07-11 16:33:09.022015+02	\\x70b3d57ed0050089	\\x0101010101010101	\\x015d947e	\\x5f8b7e2eedf173a287e17ce65fb1792e	\\x5f8b7e2eedf173a287e17ce65fb1792e	\\x5f8b7e2eedf173a287e17ce65fb1792e	65231	255
562	2022-07-11 16:44:57.370945+02	\\x70b3d57ed0050089	\\x0101010101010101	\\x000c2d40	\\x4e81c205e082b8ef5683d4308dd73cf5	\\x4e81c205e082b8ef5683d4308dd73cf5	\\x4e81c205e082b8ef5683d4308dd73cf5	47799	255
563	2022-07-11 22:52:23.821819+02	\\x70b3d57ed0050089	\\x0101010101010101	\\x012bfc9c	\\x3a68e29dbe04acdd5472d8a4cc8426db	\\x3a68e29dbe04acdd5472d8a4cc8426db	\\x3a68e29dbe04acdd5472d8a4cc8426db	23744	255
564	2022-07-11 22:58:26.076218+02	\\x70b3d57ed0050089	\\x0101010101010101	\\x01a81265	\\xdd7e2e65a21ea49e73a4fc5dfa16a549	\\xdd7e2e65a21ea49e73a4fc5dfa16a549	\\xdd7e2e65a21ea49e73a4fc5dfa16a549	31865	255
565	2022-07-11 23:06:53.727771+02	\\x70b3d57ed0050089	\\x0101010101010101	\\x00bd7b48	\\xab804936df832c724a179b3f43cd83d9	\\xab804936df832c724a179b3f43cd83d9	\\xab804936df832c724a179b3f43cd83d9	64315	255
566	2022-07-11 23:11:10.286372+02	\\x70b3d57ed0050089	\\x0101010101010101	\\x00481d54	\\x2d53aa405aa2bbaac8e151e78efadc04	\\x2d53aa405aa2bbaac8e151e78efadc04	\\x2d53aa405aa2bbaac8e151e78efadc04	40906	255
567	2022-07-11 23:14:49.864928+02	\\x70b3d57ed0050089	\\x0101010101010101	\\x00c61be6	\\x24529cca6ec97829fed386407c3b57f6	\\x24529cca6ec97829fed386407c3b57f6	\\x24529cca6ec97829fed386407c3b57f6	64238	255
568	2022-07-11 23:31:08.617029+02	\\x70b3d57ed0050089	\\x0101010101010101	\\x014b27fe	\\x957d5a470ac23f2906d151e02e28e77e	\\x957d5a470ac23f2906d151e02e28e77e	\\x957d5a470ac23f2906d151e02e28e77e	24064	255
569	2022-07-11 23:35:54.141807+02	\\x70b3d57ed0050089	\\x0101010101010101	\\x00121cb3	\\xb0a65cc7db484c02fa5d27bcfffc72f3	\\xb0a65cc7db484c02fa5d27bcfffc72f3	\\xb0a65cc7db484c02fa5d27bcfffc72f3	17902	255
570	2022-07-11 23:40:11.367436+02	\\x70b3d57ed0050089	\\x0101010101010101	\\x0148a27d	\\xa59074043c8caa7b2896b1f2e9541dab	\\xa59074043c8caa7b2896b1f2e9541dab	\\xa59074043c8caa7b2896b1f2e9541dab	28634	255
571	2022-07-11 23:42:13.799133+02	\\x70b3d57ed0050089	\\x0101010101010101	\\x01e0ed66	\\x2e7f70c51bfdd17c43c62b13b006c419	\\x2e7f70c51bfdd17c43c62b13b006c419	\\x2e7f70c51bfdd17c43c62b13b006c419	58138	255
572	2022-07-11 23:47:47.71397+02	\\x70b3d57ed0050089	\\x0101010101010101	\\x007d89b7	\\xb312e95a7e646ef732a4bef5d0391b74	\\xb312e95a7e646ef732a4bef5d0391b74	\\xb312e95a7e646ef732a4bef5d0391b74	1380	255
573	2022-07-11 23:54:43.325475+02	\\x70b3d57ed0050089	\\x0101010101010101	\\x00f11a80	\\xf318cf3132d1f7f45677e0977957913f	\\xf318cf3132d1f7f45677e0977957913f	\\xf318cf3132d1f7f45677e0977957913f	23316	255
574	2022-07-11 23:58:21.58925+02	\\x70b3d57ed0050089	\\x0101010101010101	\\x01ac5668	\\xbfa6b6bd1f2afeb0e06b35c6ecf4c30b	\\xbfa6b6bd1f2afeb0e06b35c6ecf4c30b	\\xbfa6b6bd1f2afeb0e06b35c6ecf4c30b	18044	255
575	2022-07-12 00:01:41.664561+02	\\x70b3d57ed0050089	\\x0101010101010101	\\x013ece13	\\x06843e75de5db992db9eb1a18420586c	\\x06843e75de5db992db9eb1a18420586c	\\x06843e75de5db992db9eb1a18420586c	6283	255
576	2022-07-12 00:02:27.811438+02	\\x70b3d57ed0050089	\\x0101010101010101	\\x002ffda2	\\x766e9f849d2fd9f01adfde99cc52679e	\\x766e9f849d2fd9f01adfde99cc52679e	\\x766e9f849d2fd9f01adfde99cc52679e	32054	255
577	2022-07-12 00:04:58.756832+02	\\x70b3d57ed0050089	\\x0101010101010101	\\x002bdb69	\\x49a282311b7f91292ced100cdc89cfd2	\\x49a282311b7f91292ced100cdc89cfd2	\\x49a282311b7f91292ced100cdc89cfd2	19893	255
578	2022-07-12 00:10:42.836023+02	\\x70b3d57ed0050089	\\x0101010101010101	\\x000871af	\\x03bb08523419a35b3dfe17f293108da8	\\x03bb08523419a35b3dfe17f293108da8	\\x03bb08523419a35b3dfe17f293108da8	13427	255
579	2022-07-12 12:27:59.553101+02	\\x70b3d57ed0050089	\\x0101010101010101	\\x0188fc30	\\x3e06e1802714bf9b73cfff4b33a2e999	\\x3e06e1802714bf9b73cfff4b33a2e999	\\x3e06e1802714bf9b73cfff4b33a2e999	36155	255
580	2022-07-12 12:44:37.590876+02	\\x70b3d57ed0050089	\\x0101010101010101	\\x01d0bc8d	\\xdb6fbd47dcec4c66a365634f9856d297	\\xdb6fbd47dcec4c66a365634f9856d297	\\xdb6fbd47dcec4c66a365634f9856d297	20186	255
581	2022-07-12 12:48:35.554224+02	\\x70b3d57ed0050089	\\x0101010101010101	\\x008a781d	\\x619bf04a7bb8218907d6d02d9e17cf2c	\\x619bf04a7bb8218907d6d02d9e17cf2c	\\x619bf04a7bb8218907d6d02d9e17cf2c	30680	255
582	2022-07-12 12:58:52.00819+02	\\x70b3d57ed0050089	\\x0101010101010101	\\x018c4e23	\\xba736dcdd6f133e55055e7304e5eee4d	\\xba736dcdd6f133e55055e7304e5eee4d	\\xba736dcdd6f133e55055e7304e5eee4d	12927	255
583	2022-07-13 11:14:27.046167+02	\\x70b3d57ed0050089	\\x0101010101010101	\\x01e64aa1	\\x6756801fd6dfb1743bd7c4d48c6070ff	\\x6756801fd6dfb1743bd7c4d48c6070ff	\\x6756801fd6dfb1743bd7c4d48c6070ff	36257	255
584	2022-07-13 11:18:38.520039+02	\\x70b3d57ed0050089	\\x0101010101010101	\\x00b8efe2	\\xf543ed19ccf7b48379b08f2df2cbcb22	\\xf543ed19ccf7b48379b08f2df2cbcb22	\\xf543ed19ccf7b48379b08f2df2cbcb22	23608	255
585	2022-07-13 11:29:56.144523+02	\\x70b3d57ed0050089	\\x0101010101010101	\\x013bee28	\\xb5d2b7b11242edf234154c20541d854c	\\xb5d2b7b11242edf234154c20541d854c	\\xb5d2b7b11242edf234154c20541d854c	20556	255
586	2022-07-13 11:39:24.374151+02	\\x70b3d57ed0050089	\\x0101010101010101	\\x0071fba9	\\x486172cfb8e02feddaa9001b4a52bc48	\\x486172cfb8e02feddaa9001b4a52bc48	\\x486172cfb8e02feddaa9001b4a52bc48	65124	255
587	2022-07-13 11:44:57.745078+02	\\x70b3d57ed0050089	\\x0101010101010101	\\x011bac44	\\xe17af7d0b6c612b37df1d917ac026d84	\\xe17af7d0b6c612b37df1d917ac026d84	\\xe17af7d0b6c612b37df1d917ac026d84	64567	255
588	2022-07-13 11:55:56.751913+02	\\x70b3d57ed0050089	\\x0101010101010101	\\x0006507d	\\xb5911c7634bfaec45edf589d03597cab	\\xb5911c7634bfaec45edf589d03597cab	\\xb5911c7634bfaec45edf589d03597cab	28462	255
589	2022-07-13 12:00:35.747+02	\\x70b3d57ed0050089	\\x0101010101010101	\\x002565d7	\\x7b4acdf9df14a47dc22b8c2f27515b18	\\x7b4acdf9df14a47dc22b8c2f27515b18	\\x7b4acdf9df14a47dc22b8c2f27515b18	4849	255
590	2022-07-13 12:13:45.2475+02	\\x70b3d57ed0050089	\\x0101010101010101	\\x014ccb16	\\xbc8a446f48ef2f489466159a30733d3a	\\xbc8a446f48ef2f489466159a30733d3a	\\xbc8a446f48ef2f489466159a30733d3a	37843	255
591	2022-07-13 12:14:22.345166+02	\\x70b3d57ed0050089	\\x0101010101010101	\\x012f1ecd	\\xaed57a475760152431749992111d1e07	\\xaed57a475760152431749992111d1e07	\\xaed57a475760152431749992111d1e07	64127	255
592	2022-07-13 12:21:06.440619+02	\\x70b3d57ed0050089	\\x0101010101010101	\\x01a31928	\\xc8a0278bf235461a29258bc1f0a21181	\\xc8a0278bf235461a29258bc1f0a21181	\\xc8a0278bf235461a29258bc1f0a21181	21537	255
593	2022-07-13 12:26:36.087499+02	\\x70b3d57ed0050089	\\x0101010101010101	\\x017ea8f1	\\x6b5c7c18999c65f135879965a9dcc40e	\\x6b5c7c18999c65f135879965a9dcc40e	\\x6b5c7c18999c65f135879965a9dcc40e	53725	255
594	2022-07-13 13:29:10.618808+02	\\x70b3d57ed0050089	\\x0101010101010101	\\x00f5e629	\\x9d7b8b25432b3970aa33895785459ff2	\\x9d7b8b25432b3970aa33895785459ff2	\\x9d7b8b25432b3970aa33895785459ff2	13340	255
595	2022-07-13 13:32:59.981604+02	\\x70b3d57ed0050089	\\x0101010101010101	\\x001319ae	\\x788ed28197e34a79b0d4a2d807c824a3	\\x788ed28197e34a79b0d4a2d807c824a3	\\x788ed28197e34a79b0d4a2d807c824a3	57827	255
596	2022-07-13 13:38:01.222051+02	\\x70b3d57ed0050089	\\x0101010101010101	\\x0039923d	\\x73f5e10f72561ba45e7c3b42c04f0aa9	\\x73f5e10f72561ba45e7c3b42c04f0aa9	\\x73f5e10f72561ba45e7c3b42c04f0aa9	54189	255
597	2022-07-13 14:09:52.727881+02	\\x70b3d57ed0050089	\\x0101010101010101	\\x00a7ab20	\\xa27b0b3c104e8ab6abcb8252c8aa9df1	\\xa27b0b3c104e8ab6abcb8252c8aa9df1	\\xa27b0b3c104e8ab6abcb8252c8aa9df1	3933	255
598	2022-07-13 14:15:58.888248+02	\\x70b3d57ed0050089	\\x0101010101010101	\\x00891a44	\\xab9d09712b2088862bc4fdd5e346b3cd	\\xab9d09712b2088862bc4fdd5e346b3cd	\\xab9d09712b2088862bc4fdd5e346b3cd	23357	255
599	2022-07-13 14:29:40.979398+02	\\x70b3d57ed0050089	\\x0101010101010101	\\x01a31778	\\x555369226545de0915c86e745819fcfa	\\x555369226545de0915c86e745819fcfa	\\x555369226545de0915c86e745819fcfa	32434	255
600	2022-07-13 14:56:11.028134+02	\\x70b3d57ed0050089	\\x0101010101010101	\\x01d78eed	\\x23876faea1e6bfc329164ed4074ff200	\\x23876faea1e6bfc329164ed4074ff200	\\x23876faea1e6bfc329164ed4074ff200	7420	255
601	2022-07-13 14:58:44.15609+02	\\x70b3d57ed0050089	\\x0101010101010101	\\x0172d05c	\\x7d3ead70c38329467d60b7af0e96d578	\\x7d3ead70c38329467d60b7af0e96d578	\\x7d3ead70c38329467d60b7af0e96d578	39052	255
602	2022-07-13 15:24:06.974605+02	\\x70b3d57ed0050089	\\x0101010101010101	\\x018cecbf	\\xd6b7b64095f0f90cdffd2d7c57a052ce	\\xd6b7b64095f0f90cdffd2d7c57a052ce	\\xd6b7b64095f0f90cdffd2d7c57a052ce	40847	255
603	2022-07-13 15:26:07.168307+02	\\x70b3d57ed0050089	\\x0101010101010101	\\x00d33c35	\\x9bea9e4cb1a1e3b3100de9c21fb4987f	\\x9bea9e4cb1a1e3b3100de9c21fb4987f	\\x9bea9e4cb1a1e3b3100de9c21fb4987f	27630	255
604	2022-07-13 15:32:20.654415+02	\\x70b3d57ed0050089	\\x0101010101010101	\\x00e153c8	\\x125ed0ec01ca9a8c27d03b160d2fdf4c	\\x125ed0ec01ca9a8c27d03b160d2fdf4c	\\x125ed0ec01ca9a8c27d03b160d2fdf4c	34240	255
605	2022-07-13 15:34:07.160056+02	\\x70b3d57ed0050089	\\x0101010101010101	\\x01b172b0	\\x34ff4b444828569fd427838e175b6065	\\x34ff4b444828569fd427838e175b6065	\\x34ff4b444828569fd427838e175b6065	47764	255
606	2022-07-13 15:39:48.660731+02	\\x70b3d57ed0050089	\\x0101010101010101	\\x01e40eb6	\\x11a658f04c4dae4ab6ce5166b17cb1bd	\\x11a658f04c4dae4ab6ce5166b17cb1bd	\\x11a658f04c4dae4ab6ce5166b17cb1bd	5913	255
607	2022-07-13 15:44:27.496723+02	\\x70b3d57ed0050089	\\x0101010101010101	\\x007c99ef	\\x55cc1740b945ba575610392a58460716	\\x55cc1740b945ba575610392a58460716	\\x55cc1740b945ba575610392a58460716	27151	255
608	2022-07-13 16:01:00.233706+02	\\x70b3d57ed0050089	\\x0101010101010101	\\x0120a4cb	\\xd4d5ab5ea48a102d44e6bda0e484858a	\\xd4d5ab5ea48a102d44e6bda0e484858a	\\xd4d5ab5ea48a102d44e6bda0e484858a	29817	255
609	2022-07-13 16:01:58.858181+02	\\x70b3d57ed0050089	\\x0101010101010101	\\x00c51c25	\\x5d44a13b220ee2ba30032f8603182183	\\x5d44a13b220ee2ba30032f8603182183	\\x5d44a13b220ee2ba30032f8603182183	42003	255
610	2022-07-13 16:05:16.882785+02	\\x70b3d57ed0050089	\\x0101010101010101	\\x00e28e0e	\\x8501a14a597a989585831bf0c45b7b4c	\\x8501a14a597a989585831bf0c45b7b4c	\\x8501a14a597a989585831bf0c45b7b4c	18875	255
611	2022-07-13 16:06:45.147348+02	\\x70b3d57ed0050089	\\x0101010101010101	\\x011d482d	\\x3ac7380299efcf88ba2d7f23fe759c43	\\x3ac7380299efcf88ba2d7f23fe759c43	\\x3ac7380299efcf88ba2d7f23fe759c43	39615	255
612	2022-07-13 16:25:17.48562+02	\\x70b3d57ed0050089	\\x0101010101010101	\\x017792f7	\\x61ffe7162a38c4a8208a0e58a6071375	\\x61ffe7162a38c4a8208a0e58a6071375	\\x61ffe7162a38c4a8208a0e58a6071375	8058	255
613	2022-07-13 16:27:45.393524+02	\\x70b3d57ed0050089	\\x0101010101010101	\\x001598d2	\\xb61c50cec8803e529f2accbe5702c5e3	\\xb61c50cec8803e529f2accbe5702c5e3	\\xb61c50cec8803e529f2accbe5702c5e3	49133	255
614	2022-07-14 12:36:59.567652+02	\\x70b3d57ed0050089	\\x0101010101010101	\\x00915bdf	\\xf39874da959f9048099a9a538aa41102	\\xf39874da959f9048099a9a538aa41102	\\xf39874da959f9048099a9a538aa41102	43054	255
615	2022-07-14 12:37:46.05332+02	\\x70b3d57ed0050089	\\x0101010101010101	\\x0154da52	\\x776cb0d8a2048dbe2e4fb23c2850e0bd	\\x776cb0d8a2048dbe2e4fb23c2850e0bd	\\x776cb0d8a2048dbe2e4fb23c2850e0bd	48383	255
616	2022-07-14 12:52:51.919981+02	\\x70b3d57ed0050089	\\x0101010101010101	\\x00edff86	\\xc3606e7bbea8d1b163f28f931700a367	\\xc3606e7bbea8d1b163f28f931700a367	\\xc3606e7bbea8d1b163f28f931700a367	64301	255
617	2022-07-14 13:30:06.890612+02	\\x70b3d57ed0050089	\\x0101010101010101	\\x00c8ba9d	\\x5e3076bf43ba275482cfacde49f07e94	\\x5e3076bf43ba275482cfacde49f07e94	\\x5e3076bf43ba275482cfacde49f07e94	29455	255
618	2022-07-14 13:33:54.835401+02	\\x70b3d57ed0050089	\\x0101010101010101	\\x0037a307	\\xefe75dcd3bb26daf887b93c02bc7d402	\\xefe75dcd3bb26daf887b93c02bc7d402	\\xefe75dcd3bb26daf887b93c02bc7d402	63375	255
619	2022-07-14 13:34:12.814837+02	\\x70b3d57ed0050089	\\x0101010101010101	\\x00e8ee6b	\\x7ed3f8198dfbcd7e2eddb294bd03c112	\\x7ed3f8198dfbcd7e2eddb294bd03c112	\\x7ed3f8198dfbcd7e2eddb294bd03c112	46747	255
620	2022-07-14 13:34:23.651839+02	\\x70b3d57ed0050089	\\x0101010101010101	\\x01b93f89	\\x4309cc72d15eda32af2a0ca9bd06c459	\\x4309cc72d15eda32af2a0ca9bd06c459	\\x4309cc72d15eda32af2a0ca9bd06c459	38077	255
621	2022-07-14 13:38:21.445476+02	\\x70b3d57ed0050089	\\x0101010101010101	\\x0182f219	\\x6419599eeb969a896d79c67dbc9786ac	\\x6419599eeb969a896d79c67dbc9786ac	\\x6419599eeb969a896d79c67dbc9786ac	43669	255
622	2022-07-14 13:43:41.717543+02	\\x70b3d57ed0050089	\\x0101010101010101	\\x00d45a4d	\\x82c3c7369478c621e275454bcfb1449a	\\x82c3c7369478c621e275454bcfb1449a	\\x82c3c7369478c621e275454bcfb1449a	18794	255
623	2022-07-14 13:46:20.966563+02	\\x70b3d57ed0050089	\\x0101010101010101	\\x00b5d90e	\\x65e4ff1f31a24d5dd873f38d86cdb2eb	\\x65e4ff1f31a24d5dd873f38d86cdb2eb	\\x65e4ff1f31a24d5dd873f38d86cdb2eb	24558	255
624	2022-07-14 13:46:39.688956+02	\\x70b3d57ed0050089	\\x0101010101010101	\\x019816d9	\\xc367ec97670367658bb2358902c0319a	\\xc367ec97670367658bb2358902c0319a	\\xc367ec97670367658bb2358902c0319a	15458	255
625	2022-07-14 13:46:43.77253+02	\\x70b3d57ed0050089	\\x0101010101010101	\\x016df4ca	\\x598ea54b551f0c2b585f67862b313720	\\x598ea54b551f0c2b585f67862b313720	\\x598ea54b551f0c2b585f67862b313720	48327	255
626	2022-07-14 13:48:40.206307+02	\\x70b3d57ed0050089	\\x0101010101010101	\\x017e5d70	\\x31a11e4699a23e2f678ba0a782e936c1	\\x31a11e4699a23e2f678ba0a782e936c1	\\x31a11e4699a23e2f678ba0a782e936c1	64989	255
627	2022-07-14 13:50:21.750763+02	\\x70b3d57ed0050089	\\x0101010101010101	\\x01ccf3dc	\\xcc5c53f9fbd8290eaff9c0d9b1ef8731	\\xcc5c53f9fbd8290eaff9c0d9b1ef8731	\\xcc5c53f9fbd8290eaff9c0d9b1ef8731	13403	255
628	2022-07-14 13:50:42.253318+02	\\x70b3d57ed0050089	\\x0101010101010101	\\x01e2b868	\\xfe9e293d9f85cfa652619456dedd4fa4	\\xfe9e293d9f85cfa652619456dedd4fa4	\\xfe9e293d9f85cfa652619456dedd4fa4	15797	255
629	2022-07-14 13:53:02.128055+02	\\x70b3d57ed0050089	\\x0101010101010101	\\x002699ac	\\x93ffcb5075c453500b26ad79256f7dfd	\\x93ffcb5075c453500b26ad79256f7dfd	\\x93ffcb5075c453500b26ad79256f7dfd	3262	255
630	2022-07-14 13:55:14.904151+02	\\x70b3d57ed0050089	\\x0101010101010101	\\x01fd3c1f	\\xb4fda1411b7399648bcdc5fa8527935a	\\xb4fda1411b7399648bcdc5fa8527935a	\\xb4fda1411b7399648bcdc5fa8527935a	7591	255
631	2022-07-14 14:14:23.537642+02	\\x70b3d57ed0050089	\\x0101010101010101	\\x014028ef	\\x79d36e82ad2449a0401616b1d39e8c6e	\\x79d36e82ad2449a0401616b1d39e8c6e	\\x79d36e82ad2449a0401616b1d39e8c6e	36550	255
632	2022-07-14 14:16:59.876164+02	\\x70b3d57ed0050089	\\x0101010101010101	\\x011c70d1	\\x735cedab0a4a53483c1f357b9b3fc095	\\x735cedab0a4a53483c1f357b9b3fc095	\\x735cedab0a4a53483c1f357b9b3fc095	32691	255
633	2022-07-14 14:18:09.827564+02	\\x70b3d57ed0050089	\\x0101010101010101	\\x000dcef0	\\xd914612363fc32bfacdeee7cc5f5390e	\\xd914612363fc32bfacdeee7cc5f5390e	\\xd914612363fc32bfacdeee7cc5f5390e	56890	255
634	2022-07-14 14:25:00.614778+02	\\x70b3d57ed0050089	\\x0101010101010101	\\x01596819	\\x49b5f25f5e725066622c2c7c17bf8050	\\x49b5f25f5e725066622c2c7c17bf8050	\\x49b5f25f5e725066622c2c7c17bf8050	28972	255
635	2022-07-14 14:28:27.427089+02	\\x70b3d57ed0050089	\\x0101010101010101	\\x00727166	\\x20c6298e84912b56bbd3575dfbbb2bea	\\x20c6298e84912b56bbd3575dfbbb2bea	\\x20c6298e84912b56bbd3575dfbbb2bea	53703	255
636	2022-07-14 14:30:47.847903+02	\\x70b3d57ed0050089	\\x0101010101010101	\\x01b210e0	\\xf653ce414e06258bff22da7d4a04dcee	\\xf653ce414e06258bff22da7d4a04dcee	\\xf653ce414e06258bff22da7d4a04dcee	58709	255
637	2022-07-14 16:10:58.097457+02	\\x70b3d57ed0050089	\\x0101010101010101	\\x01a41b21	\\xaa1a2b8e73e7163590f80399e38d2a81	\\xaa1a2b8e73e7163590f80399e38d2a81	\\xaa1a2b8e73e7163590f80399e38d2a81	41056	255
638	2022-07-14 16:11:29.897218+02	\\x70b3d57ed0050089	\\x0101010101010101	\\x0089a922	\\xa90af145dc7a8187c6729e8a0f8e5f3b	\\xa90af145dc7a8187c6729e8a0f8e5f3b	\\xa90af145dc7a8187c6729e8a0f8e5f3b	7830	255
639	2022-07-14 16:14:18.343782+02	\\x70b3d57ed0050089	\\x0101010101010101	\\x005bd920	\\x4d365affeb0e565301b578dfacef8414	\\x4d365affeb0e565301b578dfacef8414	\\x4d365affeb0e565301b578dfacef8414	2011	255
640	2022-07-14 16:15:25.932952+02	\\x70b3d57ed0050089	\\x0101010101010101	\\x0045c20f	\\x1d0d9289fc6d7bd3d5cfb1a81e7e2ca3	\\x1d0d9289fc6d7bd3d5cfb1a81e7e2ca3	\\x1d0d9289fc6d7bd3d5cfb1a81e7e2ca3	37151	255
641	2022-07-14 16:19:10.231661+02	\\x70b3d57ed0050089	\\x0101010101010101	\\x01f2cbcb	\\xce467599628755fe39d4cd305ba22903	\\xce467599628755fe39d4cd305ba22903	\\xce467599628755fe39d4cd305ba22903	24571	255
642	2022-07-14 16:21:19.100839+02	\\x70b3d57ed0050089	\\x0101010101010101	\\x0025e6a7	\\x98c0c3b75960c5c71e7284f61b0637a8	\\x98c0c3b75960c5c71e7284f61b0637a8	\\x98c0c3b75960c5c71e7284f61b0637a8	25885	255
643	2022-07-14 16:38:11.429611+02	\\x70b3d57ed0050089	\\x0101010101010101	\\x01521d00	\\x6b55bf4a939451a2b7bb14a7859c2e06	\\x6b55bf4a939451a2b7bb14a7859c2e06	\\x6b55bf4a939451a2b7bb14a7859c2e06	35257	255
644	2022-07-18 12:36:48.026167+02	\\x70b3d57ed0050089	\\x0101010101010101	\\x01261921	\\x3ad3c856c9356234ec76679903ba37f0	\\x3ad3c856c9356234ec76679903ba37f0	\\x3ad3c856c9356234ec76679903ba37f0	51684	255
645	2022-07-18 12:55:02.975758+02	\\x70b3d57ed0050089	\\x0101010101010101	\\x0036bb4a	\\x75d065677d24573b8da39b9c7ebd1823	\\x75d065677d24573b8da39b9c7ebd1823	\\x75d065677d24573b8da39b9c7ebd1823	9860	255
646	2022-07-18 12:57:01.04676+02	\\x70b3d57ed0050089	\\x0101010101010101	\\x018b2430	\\xe6151bcdf4c77c667053f7786ef5ed7b	\\xe6151bcdf4c77c667053f7786ef5ed7b	\\xe6151bcdf4c77c667053f7786ef5ed7b	46617	255
647	2022-07-18 12:58:58.534976+02	\\x70b3d57ed0050089	\\x0101010101010101	\\x0121a2ef	\\x33d8a43ff33e455d204c93164dd103f1	\\x33d8a43ff33e455d204c93164dd103f1	\\x33d8a43ff33e455d204c93164dd103f1	23898	255
648	2022-07-18 12:59:48.983624+02	\\x70b3d57ed0050089	\\x0101010101010101	\\x00f04df2	\\xadc80fd8afb633e128ebd6080178dc23	\\xadc80fd8afb633e128ebd6080178dc23	\\xadc80fd8afb633e128ebd6080178dc23	60084	255
649	2022-07-18 13:01:28.252877+02	\\x70b3d57ed0050089	\\x0101010101010101	\\x01af4db2	\\x748eee4f84783d6e88e2a8f3b3e072cf	\\x748eee4f84783d6e88e2a8f3b3e072cf	\\x748eee4f84783d6e88e2a8f3b3e072cf	16276	255
650	2022-07-18 18:09:25.493653+02	\\x70b3d57ed0050089	\\x0101010101010101	\\x0059f304	\\x2787e18a4dd6fa5c8a5cee89a63cd4a7	\\x2787e18a4dd6fa5c8a5cee89a63cd4a7	\\x2787e18a4dd6fa5c8a5cee89a63cd4a7	18686	255
651	2022-07-18 18:13:48.645815+02	\\x70b3d57ed0050089	\\x0101010101010101	\\x01ab4519	\\xd54eb423367ad7a288e2aa7e027186c3	\\xd54eb423367ad7a288e2aa7e027186c3	\\xd54eb423367ad7a288e2aa7e027186c3	49519	255
652	2022-07-18 19:07:40.584811+02	\\x70b3d57ed0050089	\\x0101010101010101	\\x018d7ddb	\\x4494e717d97711ea067d6dbd73c6a710	\\x4494e717d97711ea067d6dbd73c6a710	\\x4494e717d97711ea067d6dbd73c6a710	20348	255
653	2022-07-18 19:10:15.795394+02	\\x70b3d57ed0050089	\\x0101010101010101	\\x01f670d2	\\x64d4568a62b9a49d350272d82113f141	\\x64d4568a62b9a49d350272d82113f141	\\x64d4568a62b9a49d350272d82113f141	23572	255
654	2022-07-18 19:12:18.976494+02	\\x70b3d57ed0050089	\\x0101010101010101	\\x001360f4	\\x27ac818a2e510e952209766b8bc1d7b4	\\x27ac818a2e510e952209766b8bc1d7b4	\\x27ac818a2e510e952209766b8bc1d7b4	40956	255
655	2022-07-18 19:18:50.792746+02	\\x70b3d57ed0050089	\\x0101010101010101	\\x01953f41	\\xedfa1a0cecc534713e36ec97e68d0ed1	\\xedfa1a0cecc534713e36ec97e68d0ed1	\\xedfa1a0cecc534713e36ec97e68d0ed1	27939	255
656	2022-07-19 12:33:10.027404+02	\\x70b3d57ed0050089	\\x0101010101010101	\\x01adce9b	\\x9818a237bef93e9f002b136dac721c3b	\\x9818a237bef93e9f002b136dac721c3b	\\x9818a237bef93e9f002b136dac721c3b	49101	255
657	2022-07-19 12:47:19.765133+02	\\x70b3d57ed0050089	\\x0101010101010101	\\x00e0042f	\\x909b82b9b10591fbd5169ae2f93b7d55	\\x909b82b9b10591fbd5169ae2f93b7d55	\\x909b82b9b10591fbd5169ae2f93b7d55	59927	255
658	2022-07-19 12:49:30.358899+02	\\x70b3d57ed0050089	\\x0101010101010101	\\x01976f3c	\\x47b1871229d04667ff1294b606438200	\\x47b1871229d04667ff1294b606438200	\\x47b1871229d04667ff1294b606438200	59017	255
659	2022-07-19 12:53:44.547307+02	\\x70b3d57ed0050089	\\x0101010101010101	\\x01af4148	\\x06224be50ca96e6e0df6265e70bd61ea	\\x06224be50ca96e6e0df6265e70bd61ea	\\x06224be50ca96e6e0df6265e70bd61ea	59646	255
660	2022-07-19 13:16:47.819206+02	\\x70b3d57ed0050089	\\x0101010101010101	\\x00232d5f	\\xbbf058eaefb2a7b7f4e5c9ce8a8e2ba6	\\xbbf058eaefb2a7b7f4e5c9ce8a8e2ba6	\\xbbf058eaefb2a7b7f4e5c9ce8a8e2ba6	59982	255
661	2022-07-19 13:22:08.210203+02	\\x70b3d57ed0050089	\\x0101010101010101	\\x00eaaff3	\\xe321a5f986fd7b56f461095d5dc22360	\\xe321a5f986fd7b56f461095d5dc22360	\\xe321a5f986fd7b56f461095d5dc22360	47934	255
662	2022-07-19 13:40:22.37041+02	\\x70b3d57ed0050089	\\x0101010101010101	\\x00fe2dc2	\\xa9e63d861213d65624259b2bc8550c75	\\xa9e63d861213d65624259b2bc8550c75	\\xa9e63d861213d65624259b2bc8550c75	10278	255
663	2022-07-19 13:57:34.624534+02	\\x70b3d57ed0050089	\\x0101010101010101	\\x005c9fa0	\\x4d1026fd7946c8b57efc202e19b40c57	\\x4d1026fd7946c8b57efc202e19b40c57	\\x4d1026fd7946c8b57efc202e19b40c57	45809	255
664	2022-07-19 14:13:03.695414+02	\\x70b3d57ed0050089	\\x0101010101010101	\\x0067c7a0	\\xd330eab36c1f5ccdf4f1228b741a336e	\\xd330eab36c1f5ccdf4f1228b741a336e	\\xd330eab36c1f5ccdf4f1228b741a336e	27546	255
665	2022-07-19 14:22:52.565677+02	\\x70b3d57ed0050089	\\x0101010101010101	\\x00763e18	\\x80279b22c629186e93e88e06bf89442d	\\x80279b22c629186e93e88e06bf89442d	\\x80279b22c629186e93e88e06bf89442d	51399	255
666	2022-07-19 14:24:47.122702+02	\\x70b3d57ed0050089	\\x0101010101010101	\\x005cbb29	\\x9a2c1875876e50051c48e7ec5e382b7f	\\x9a2c1875876e50051c48e7ec5e382b7f	\\x9a2c1875876e50051c48e7ec5e382b7f	59286	255
667	2022-07-19 14:32:15.765008+02	\\x70b3d57ed0050089	\\x0101010101010101	\\x01748469	\\xbd9cd9617821f1f510579d1c57dbc599	\\xbd9cd9617821f1f510579d1c57dbc599	\\xbd9cd9617821f1f510579d1c57dbc599	11035	255
668	2022-07-19 14:33:34.335412+02	\\x70b3d57ed0050089	\\x0101010101010101	\\x00f89b9d	\\xd9fce910a3227b5d5fe25cc4560a0592	\\xd9fce910a3227b5d5fe25cc4560a0592	\\xd9fce910a3227b5d5fe25cc4560a0592	9578	255
669	2022-07-19 14:46:05.181997+02	\\x70b3d57ed0050089	\\x0101010101010101	\\x00518a7e	\\x0d1fa901e80c740532bf0af984043b09	\\x0d1fa901e80c740532bf0af984043b09	\\x0d1fa901e80c740532bf0af984043b09	44013	255
670	2022-07-19 14:53:00.087059+02	\\x70b3d57ed0050089	\\x0101010101010101	\\x006023ec	\\x94ec071cb377a4f0e8265534e7996ef5	\\x94ec071cb377a4f0e8265534e7996ef5	\\x94ec071cb377a4f0e8265534e7996ef5	37893	255
671	2022-07-19 14:58:27.555165+02	\\x70b3d57ed0050089	\\x0101010101010101	\\x00e27fb2	\\xa65734f58f0a45c633ea88b8d6d02adf	\\xa65734f58f0a45c633ea88b8d6d02adf	\\xa65734f58f0a45c633ea88b8d6d02adf	4209	255
672	2022-07-19 15:04:35.073877+02	\\x70b3d57ed0050089	\\x0101010101010101	\\x007f2b62	\\xfb4d69ddfa1a83b511446fc0b97e5b62	\\xfb4d69ddfa1a83b511446fc0b97e5b62	\\xfb4d69ddfa1a83b511446fc0b97e5b62	17483	255
673	2022-07-19 15:30:25.411953+02	\\x70b3d57ed0050089	\\x0101010101010101	\\x013d5921	\\x03c0b9ef25b1942a6662b5472c6118b5	\\x03c0b9ef25b1942a6662b5472c6118b5	\\x03c0b9ef25b1942a6662b5472c6118b5	15851	255
674	2022-07-19 15:33:37.728853+02	\\x70b3d57ed0050089	\\x0101010101010101	\\x013e5dba	\\xd21a067f540e51633e3066fd88861378	\\xd21a067f540e51633e3066fd88861378	\\xd21a067f540e51633e3066fd88861378	63969	255
675	2022-07-19 15:38:02.634505+02	\\x70b3d57ed0050089	\\x0101010101010101	\\x013b6834	\\xe3fd08fdfb95ce7def2981c5b46ef46e	\\xe3fd08fdfb95ce7def2981c5b46ef46e	\\xe3fd08fdfb95ce7def2981c5b46ef46e	30542	255
676	2022-07-19 16:08:50.828002+02	\\x70b3d57ed0050089	\\x0101010101010101	\\x019891d7	\\x318c969a69a343e248c6832d7b860589	\\x318c969a69a343e248c6832d7b860589	\\x318c969a69a343e248c6832d7b860589	34282	255
677	2022-07-19 16:12:03.83912+02	\\x70b3d57ed0050089	\\x0101010101010101	\\x0183da5c	\\x97fcf9bd8f9b3803b516d13b8d413c30	\\x97fcf9bd8f9b3803b516d13b8d413c30	\\x97fcf9bd8f9b3803b516d13b8d413c30	14959	255
678	2022-07-19 16:27:35.086592+02	\\x70b3d57ed0050089	\\x0101010101010101	\\x00c94b8d	\\xabc492e1ead45d0b5c3e16325c6512ba	\\xabc492e1ead45d0b5c3e16325c6512ba	\\xabc492e1ead45d0b5c3e16325c6512ba	39423	255
679	2022-07-19 16:32:26.849086+02	\\x70b3d57ed0050089	\\x0101010101010101	\\x007e5195	\\x2d1942ac66717281fcaca70c08f050a1	\\x2d1942ac66717281fcaca70c08f050a1	\\x2d1942ac66717281fcaca70c08f050a1	28296	255
680	2022-07-19 17:58:16.07666+02	\\x70b3d57ed0050089	\\x0101010101010101	\\x00b6970c	\\xb27e46faacd6ced8c082f6416c045c34	\\xb27e46faacd6ced8c082f6416c045c34	\\xb27e46faacd6ced8c082f6416c045c34	49835	255
681	2022-07-19 18:01:31.285771+02	\\x70b3d57ed0050089	\\x0101010101010101	\\x00de2c21	\\x459dee76a5ff9585247113f55e293609	\\x459dee76a5ff9585247113f55e293609	\\x459dee76a5ff9585247113f55e293609	64223	255
682	2022-07-19 18:04:12.137131+02	\\x70b3d57ed0050089	\\x0101010101010101	\\x004af2a4	\\x79bbe713dd43cef315fad08ff0d2b94e	\\x79bbe713dd43cef315fad08ff0d2b94e	\\x79bbe713dd43cef315fad08ff0d2b94e	7390	255
683	2022-07-19 18:14:36.256211+02	\\x70b3d57ed0050089	\\x0101010101010101	\\x0166f668	\\x9eb99502e1edf96b665bfb6ea209c3d8	\\x9eb99502e1edf96b665bfb6ea209c3d8	\\x9eb99502e1edf96b665bfb6ea209c3d8	11769	255
684	2022-07-19 18:18:33.249774+02	\\x70b3d57ed0050089	\\x0101010101010101	\\x0100209d	\\xe5ade230708a97c392b67ccc2821894b	\\xe5ade230708a97c392b67ccc2821894b	\\xe5ade230708a97c392b67ccc2821894b	4094	255
685	2022-07-19 18:23:15.380648+02	\\x70b3d57ed0050089	\\x0101010101010101	\\x01a8d624	\\x858ab2bc17a7d270ab051654a210fcde	\\x858ab2bc17a7d270ab051654a210fcde	\\x858ab2bc17a7d270ab051654a210fcde	35285	255
686	2022-07-19 18:26:16.414414+02	\\x70b3d57ed0050089	\\x0101010101010101	\\x0141e388	\\xf34b0bbf51c3453087435ed4a819f7d8	\\xf34b0bbf51c3453087435ed4a819f7d8	\\xf34b0bbf51c3453087435ed4a819f7d8	12043	255
687	2022-07-19 18:28:22.77539+02	\\x70b3d57ed0050089	\\x0101010101010101	\\x00c7bb5d	\\x5dd45eabfbb2a57b6f90e00a80ff353f	\\x5dd45eabfbb2a57b6f90e00a80ff353f	\\x5dd45eabfbb2a57b6f90e00a80ff353f	39790	255
688	2022-07-19 19:48:40.532747+02	\\x70b3d57ed0050089	\\x0101010101010101	\\x007e1c68	\\x19a068bc91841aa7f9cab4865c30605e	\\x19a068bc91841aa7f9cab4865c30605e	\\x19a068bc91841aa7f9cab4865c30605e	51427	255
689	2022-07-19 19:53:54.230159+02	\\x70b3d57ed0050089	\\x0101010101010101	\\x015e8e1b	\\x980b95fce5ce485a6ef29dab125cdc48	\\x980b95fce5ce485a6ef29dab125cdc48	\\x980b95fce5ce485a6ef29dab125cdc48	12951	255
690	2022-07-19 19:56:09.558214+02	\\x70b3d57ed0050089	\\x0101010101010101	\\x01696734	\\xeea86abb3378b672654fe6917c62c8fa	\\xeea86abb3378b672654fe6917c62c8fa	\\xeea86abb3378b672654fe6917c62c8fa	7113	255
691	2022-07-19 20:11:57.072129+02	\\x70b3d57ed0050089	\\x0101010101010101	\\x0103a61b	\\xe67290d11c9c1a7ece580857b123c920	\\xe67290d11c9c1a7ece580857b123c920	\\xe67290d11c9c1a7ece580857b123c920	31619	255
692	2022-07-19 20:16:26.451851+02	\\x70b3d57ed0050089	\\x0101010101010101	\\x00faf0f1	\\xcc56353f392bebba0db136206fe2ad56	\\xcc56353f392bebba0db136206fe2ad56	\\xcc56353f392bebba0db136206fe2ad56	63391	255
693	2022-07-19 20:22:37.887841+02	\\x70b3d57ed0050089	\\x0101010101010101	\\x000c5b7d	\\x250ab29dc860262d1423237bad77d72c	\\x250ab29dc860262d1423237bad77d72c	\\x250ab29dc860262d1423237bad77d72c	11123	255
694	2022-07-23 13:30:08.105815+02	\\x70b3d57ed0050089	\\x0101010101010101	\\x00f3f4c6	\\x937cbe88b306fc3f9e73e52eca3b4338	\\x937cbe88b306fc3f9e73e52eca3b4338	\\x937cbe88b306fc3f9e73e52eca3b4338	61592	255
695	2022-07-23 13:34:37.222068+02	\\x70b3d57ed0050089	\\x0101010101010101	\\x005b2b40	\\x902b67406f4158576cb8852def5566f7	\\x902b67406f4158576cb8852def5566f7	\\x902b67406f4158576cb8852def5566f7	17136	255
696	2022-07-23 13:45:20.186461+02	\\x70b3d57ed0050089	\\x0101010101010101	\\x01e71ea3	\\xf209880fff78601eb5be6e6f4162c680	\\xf209880fff78601eb5be6e6f4162c680	\\xf209880fff78601eb5be6e6f4162c680	46659	255
697	2022-07-23 13:47:22.659503+02	\\x70b3d57ed0050089	\\x0101010101010101	\\x01d1e238	\\x9c45ec01ad7996bdcad2781756876ffe	\\x9c45ec01ad7996bdcad2781756876ffe	\\x9c45ec01ad7996bdcad2781756876ffe	14719	255
698	2022-07-23 13:59:19.080461+02	\\x70b3d57ed0050089	\\x0101010101010101	\\x00220a93	\\xbb7fab11f3d435527415e994b6c75187	\\xbb7fab11f3d435527415e994b6c75187	\\xbb7fab11f3d435527415e994b6c75187	6633	255
699	2022-07-23 14:08:31.168592+02	\\x70b3d57ed0050089	\\x0101010101010101	\\x010b276f	\\x4d3e3a2f7da45ab66f78548c673652be	\\x4d3e3a2f7da45ab66f78548c673652be	\\x4d3e3a2f7da45ab66f78548c673652be	48373	255
700	2022-07-23 14:10:47.635573+02	\\x70b3d57ed0050089	\\x0101010101010101	\\x01bb5767	\\x1dc03b5eb8b07329a0a971bb077e0bae	\\x1dc03b5eb8b07329a0a971bb077e0bae	\\x1dc03b5eb8b07329a0a971bb077e0bae	38111	255
701	2022-07-23 14:21:52.480138+02	\\x70b3d57ed0050089	\\x0101010101010101	\\x01446625	\\x821a6cb724ab2f5d29322ff5336ef465	\\x821a6cb724ab2f5d29322ff5336ef465	\\x821a6cb724ab2f5d29322ff5336ef465	12213	255
702	2022-07-23 14:39:43.673151+02	\\x70b3d57ed0050089	\\x0101010101010101	\\x01bc9a02	\\x6e78c93373df5acd5b94f324278a6aea	\\x6e78c93373df5acd5b94f324278a6aea	\\x6e78c93373df5acd5b94f324278a6aea	62891	255
703	2022-07-23 14:43:44.984963+02	\\x70b3d57ed0050089	\\x0101010101010101	\\x01d77292	\\x16db8cfe5f22830a7407926ef569a45f	\\x16db8cfe5f22830a7407926ef569a45f	\\x16db8cfe5f22830a7407926ef569a45f	6163	255
704	2022-07-23 14:47:56.476606+02	\\x70b3d57ed0050089	\\x0101010101010101	\\x00c76004	\\x20f91e53e2d3140051706a972a29ac3a	\\x20f91e53e2d3140051706a972a29ac3a	\\x20f91e53e2d3140051706a972a29ac3a	63027	255
705	2022-07-23 15:18:00.198958+02	\\x70b3d57ed0050089	\\x0101010101010101	\\x00f92902	\\x0f0546bc981149d5dc9c6925fd516549	\\x0f0546bc981149d5dc9c6925fd516549	\\x0f0546bc981149d5dc9c6925fd516549	28604	255
706	2022-07-23 15:20:53.249177+02	\\x70b3d57ed0050089	\\x0101010101010101	\\x000df151	\\x4bad80dd3bb9644d064ff977ea41c2b7	\\x4bad80dd3bb9644d064ff977ea41c2b7	\\x4bad80dd3bb9644d064ff977ea41c2b7	10655	255
707	2022-07-23 15:23:59.730929+02	\\x70b3d57ed0050089	\\x0101010101010101	\\x015ec07d	\\x335af9c9b40aae9f6597f91b2e51333a	\\x335af9c9b40aae9f6597f91b2e51333a	\\x335af9c9b40aae9f6597f91b2e51333a	27994	255
708	2022-07-23 15:27:09.708067+02	\\x70b3d57ed0050089	\\x0101010101010101	\\x018cb5e2	\\x6232caccea30c0fa03e4b81926d8431a	\\x6232caccea30c0fa03e4b81926d8431a	\\x6232caccea30c0fa03e4b81926d8431a	9851	255
709	2022-07-23 15:29:03.098751+02	\\x70b3d57ed0050089	\\x0101010101010101	\\x00d1f44b	\\x52ca9d4218c7d9d49040dff375167025	\\x52ca9d4218c7d9d49040dff375167025	\\x52ca9d4218c7d9d49040dff375167025	8176	255
710	2022-07-23 15:31:17.431786+02	\\x70b3d57ed0050089	\\x0101010101010101	\\x01960558	\\x38cc159bbe25e827f3d04958da71fe51	\\x38cc159bbe25e827f3d04958da71fe51	\\x38cc159bbe25e827f3d04958da71fe51	32094	255
711	2022-07-23 15:38:28.903761+02	\\x70b3d57ed0050089	\\x0101010101010101	\\x009793c1	\\x476563f17ff7baa3c2f57df0923bf772	\\x476563f17ff7baa3c2f57df0923bf772	\\x476563f17ff7baa3c2f57df0923bf772	61722	255
712	2022-07-23 15:40:35.530209+02	\\x70b3d57ed0050089	\\x0101010101010101	\\x0092080b	\\xd377ec3f02430224f6647cd508c2a2a5	\\xd377ec3f02430224f6647cd508c2a2a5	\\xd377ec3f02430224f6647cd508c2a2a5	10902	255
713	2022-07-23 15:43:09.122951+02	\\x70b3d57ed0050089	\\x0101010101010101	\\x017e28d1	\\xbdd78b2a7ae4a510ca3db90c0615bc43	\\xbdd78b2a7ae4a510ca3db90c0615bc43	\\xbdd78b2a7ae4a510ca3db90c0615bc43	23523	255
714	2022-07-23 15:46:09.621737+02	\\x70b3d57ed0050089	\\x0101010101010101	\\x01731459	\\xf1a4fb42161a3d4bbe42f4b1788f74d1	\\xf1a4fb42161a3d4bbe42f4b1788f74d1	\\xf1a4fb42161a3d4bbe42f4b1788f74d1	47067	255
715	2022-07-23 15:48:24.7814+02	\\x70b3d57ed0050089	\\x0101010101010101	\\x00e505fb	\\x5f9e445b14c35088f8daeeb07a7f323d	\\x5f9e445b14c35088f8daeeb07a7f323d	\\x5f9e445b14c35088f8daeeb07a7f323d	54806	255
716	2022-07-23 15:48:34.787605+02	\\x70b3d57ed0050089	\\x0101010101010101	\\x0150b556	\\x04e6d19392c9dd06b00e64bfb8dcc9b5	\\x04e6d19392c9dd06b00e64bfb8dcc9b5	\\x04e6d19392c9dd06b00e64bfb8dcc9b5	7186	255
717	2022-07-23 15:52:45.36644+02	\\x70b3d57ed0050089	\\x0101010101010101	\\x01ad3459	\\x5cf695ea71ea60edb1d89da5e2863b9c	\\x5cf695ea71ea60edb1d89da5e2863b9c	\\x5cf695ea71ea60edb1d89da5e2863b9c	64105	255
718	2022-07-23 16:04:14.339725+02	\\x70b3d57ed0050089	\\x0101010101010101	\\x009669d2	\\xc1948ed57fa6a8dcbf6e54366aea4483	\\xc1948ed57fa6a8dcbf6e54366aea4483	\\xc1948ed57fa6a8dcbf6e54366aea4483	33641	255
719	2022-07-23 16:07:58.568707+02	\\x70b3d57ed0050089	\\x0101010101010101	\\x012f787a	\\x4601a70919d88cf82a5831b2d65ca818	\\x4601a70919d88cf82a5831b2d65ca818	\\x4601a70919d88cf82a5831b2d65ca818	3576	255
720	2022-07-23 16:09:22.433984+02	\\x70b3d57ed0050089	\\x0101010101010101	\\x01344f30	\\x00fd70c9ce703ca888816cb1ee4525c0	\\x00fd70c9ce703ca888816cb1ee4525c0	\\x00fd70c9ce703ca888816cb1ee4525c0	47262	255
721	2022-07-24 14:19:08.807662+02	\\x70b3d57ed0050089	\\x0101010101010101	\\x01f41e98	\\xa377493398730d10255135e213c18f61	\\xa377493398730d10255135e213c18f61	\\xa377493398730d10255135e213c18f61	48762	255
722	2022-07-24 14:28:08.609778+02	\\x70b3d57ed0050089	\\x0101010101010101	\\x01a8798b	\\x1e4006c6fd5d98a359976c532bfa3b12	\\x1e4006c6fd5d98a359976c532bfa3b12	\\x1e4006c6fd5d98a359976c532bfa3b12	53830	255
723	2022-07-24 14:34:55.576714+02	\\x70b3d57ed0050089	\\x0101010101010101	\\x01996982	\\x73a6e9f422b725dfde64ce3d949fd9db	\\x73a6e9f422b725dfde64ce3d949fd9db	\\x73a6e9f422b725dfde64ce3d949fd9db	1941	255
724	2022-07-24 14:36:45.654352+02	\\x70b3d57ed0050089	\\x0101010101010101	\\x01f7e55f	\\xf9b367ecc4ab749343b4a7ba8a625e2f	\\xf9b367ecc4ab749343b4a7ba8a625e2f	\\xf9b367ecc4ab749343b4a7ba8a625e2f	48297	255
725	2022-07-24 14:38:32.996981+02	\\x70b3d57ed0050089	\\x0101010101010101	\\x01caf9f0	\\x54c21dce7ba6d985220967c43e1bb341	\\x54c21dce7ba6d985220967c43e1bb341	\\x54c21dce7ba6d985220967c43e1bb341	25140	255
726	2022-07-24 14:39:58.66392+02	\\x70b3d57ed0050089	\\x0101010101010101	\\x01cf54d5	\\xa46cefcbe83e41940aa3ff063ec7d235	\\xa46cefcbe83e41940aa3ff063ec7d235	\\xa46cefcbe83e41940aa3ff063ec7d235	55372	255
727	2022-07-24 14:41:45.666208+02	\\x70b3d57ed0050089	\\x0101010101010101	\\x01869c76	\\x6ba54ab1ecb1806fe4bc26ee7022e40b	\\x6ba54ab1ecb1806fe4bc26ee7022e40b	\\x6ba54ab1ecb1806fe4bc26ee7022e40b	32237	255
728	2022-07-24 14:45:36.515725+02	\\x70b3d57ed0050089	\\x0101010101010101	\\x00af2672	\\x4ade0a0a62149baa180b70c2c56be34f	\\x4ade0a0a62149baa180b70c2c56be34f	\\x4ade0a0a62149baa180b70c2c56be34f	55154	255
729	2022-07-24 14:48:45.363406+02	\\x70b3d57ed0050089	\\x0101010101010101	\\x018b0e2f	\\xba19f709744b2c08e7d9953910064fa9	\\xba19f709744b2c08e7d9953910064fa9	\\xba19f709744b2c08e7d9953910064fa9	55405	255
730	2022-07-24 14:49:40.371241+02	\\x70b3d57ed0050089	\\x0101010101010101	\\x015fd2f2	\\x29782085bd72dc54bb068539d785f1de	\\x29782085bd72dc54bb068539d785f1de	\\x29782085bd72dc54bb068539d785f1de	45166	255
731	2022-07-24 14:50:46.976277+02	\\x70b3d57ed0050089	\\x0101010101010101	\\x000fd76b	\\x2d551d9bcd5c8e051c53c48065b4c0e6	\\x2d551d9bcd5c8e051c53c48065b4c0e6	\\x2d551d9bcd5c8e051c53c48065b4c0e6	21411	255
732	2022-07-24 14:51:36.562381+02	\\x70b3d57ed0050089	\\x0101010101010101	\\x01c8f849	\\xcd3dfe54e48f19cbafa1e552a27927ad	\\xcd3dfe54e48f19cbafa1e552a27927ad	\\xcd3dfe54e48f19cbafa1e552a27927ad	21409	255
733	2022-07-24 14:52:40.428193+02	\\x70b3d57ed0050089	\\x0101010101010101	\\x01cb731d	\\x30b7fe3b130097b80a6e06278a1df14f	\\x30b7fe3b130097b80a6e06278a1df14f	\\x30b7fe3b130097b80a6e06278a1df14f	35499	255
734	2022-07-24 14:54:15.1329+02	\\x70b3d57ed0050089	\\x0101010101010101	\\x00233aa9	\\xe442a2c35f62fd42d1c8dbf16902ea5d	\\xe442a2c35f62fd42d1c8dbf16902ea5d	\\xe442a2c35f62fd42d1c8dbf16902ea5d	27843	255
735	2022-07-24 14:57:00.015315+02	\\x70b3d57ed0050089	\\x0101010101010101	\\x01e657a5	\\x612a54a1eda40c09acd3a58e08e57016	\\x612a54a1eda40c09acd3a58e08e57016	\\x612a54a1eda40c09acd3a58e08e57016	10898	255
736	2022-07-24 14:58:39.916719+02	\\x70b3d57ed0050089	\\x0101010101010101	\\x00b6793b	\\x986b3336cdce3be1800622de0ea4b542	\\x986b3336cdce3be1800622de0ea4b542	\\x986b3336cdce3be1800622de0ea4b542	53053	255
737	2022-07-24 15:01:32.72809+02	\\x70b3d57ed0050089	\\x0101010101010101	\\x010071b1	\\xccd8f3f88fa10965ec4d7347d8e7b636	\\xccd8f3f88fa10965ec4d7347d8e7b636	\\xccd8f3f88fa10965ec4d7347d8e7b636	24529	255
738	2022-07-24 15:02:42.109497+02	\\x70b3d57ed0050089	\\x0101010101010101	\\x01f421b8	\\x2e73fca86c70d4017ae000df910ff56f	\\x2e73fca86c70d4017ae000df910ff56f	\\x2e73fca86c70d4017ae000df910ff56f	41183	255
739	2022-07-24 15:03:33.074983+02	\\x70b3d57ed0050089	\\x0101010101010101	\\x01d2c558	\\xa459ced422bd0affc2264c2c22ce0f51	\\xa459ced422bd0affc2264c2c22ce0f51	\\xa459ced422bd0affc2264c2c22ce0f51	62450	255
740	2022-07-24 15:04:22.276732+02	\\x70b3d57ed0050089	\\x0101010101010101	\\x0004cb67	\\x74ba810cdb958e86f548353845713884	\\x74ba810cdb958e86f548353845713884	\\x74ba810cdb958e86f548353845713884	7865	255
741	2022-07-24 15:05:26.043838+02	\\x70b3d57ed0050089	\\x0101010101010101	\\x00a20d2e	\\xc89ddff3f35fb0ce1cea4609fea7f709	\\xc89ddff3f35fb0ce1cea4609fea7f709	\\xc89ddff3f35fb0ce1cea4609fea7f709	9283	255
742	2022-07-24 15:08:15.473527+02	\\x70b3d57ed0050089	\\x0101010101010101	\\x000d9017	\\x59689de9010cf5660fe05bc12ad86f3d	\\x59689de9010cf5660fe05bc12ad86f3d	\\x59689de9010cf5660fe05bc12ad86f3d	56416	255
743	2022-07-24 15:10:04.792035+02	\\x70b3d57ed0050089	\\x0101010101010101	\\x002ef2e2	\\x64c0af3bd1f4deec0a648ba5f8a656d3	\\x64c0af3bd1f4deec0a648ba5f8a656d3	\\x64c0af3bd1f4deec0a648ba5f8a656d3	49301	255
744	2022-07-24 15:22:33.643788+02	\\x70b3d57ed0050089	\\x0101010101010101	\\x00f2377e	\\x9713e21e37809ca2c132c71ff21337eb	\\x9713e21e37809ca2c132c71ff21337eb	\\x9713e21e37809ca2c132c71ff21337eb	49080	255
745	2022-07-24 16:06:42.937061+02	\\x70b3d57ed0050089	\\x0101010101010101	\\x00f35db9	\\xdb930dc725ad965a27b56e02597ada70	\\xdb930dc725ad965a27b56e02597ada70	\\xdb930dc725ad965a27b56e02597ada70	16778	255
746	2022-07-24 16:07:12.845434+02	\\x70b3d57ed0050089	\\x0101010101010101	\\x00f40fcf	\\xc7a2b5281d3130f487e05e98eccf9280	\\xc7a2b5281d3130f487e05e98eccf9280	\\xc7a2b5281d3130f487e05e98eccf9280	15230	255
747	2022-07-24 16:10:31.393648+02	\\x70b3d57ed0050089	\\x0101010101010101	\\x019d7af7	\\x21b18ed05be39c82cd010da6ca169ac3	\\x21b18ed05be39c82cd010da6ca169ac3	\\x21b18ed05be39c82cd010da6ca169ac3	35269	255
748	2022-07-24 16:44:33.129659+02	\\x70b3d57ed0050089	\\x0101010101010101	\\x01d6d7fa	\\xd7f7698d20c35cf4e258a747864831e2	\\xd7f7698d20c35cf4e258a747864831e2	\\xd7f7698d20c35cf4e258a747864831e2	53012	255
749	2022-07-24 16:46:12.852897+02	\\x70b3d57ed0050089	\\x0101010101010101	\\x0012e597	\\x7d32d1d74d4b0f36037f393e13747427	\\x7d32d1d74d4b0f36037f393e13747427	\\x7d32d1d74d4b0f36037f393e13747427	15950	255
750	2022-07-24 16:48:48.264819+02	\\x70b3d57ed0050089	\\x0101010101010101	\\x01154ff0	\\x880efd0a0272090923ed485470ef1c22	\\x880efd0a0272090923ed485470ef1c22	\\x880efd0a0272090923ed485470ef1c22	47234	255
751	2022-07-24 16:56:37.462701+02	\\x70b3d57ed0050089	\\x0101010101010101	\\x01b7bb64	\\x989e63992acdaa41f3d8e04aed0f576a	\\x989e63992acdaa41f3d8e04aed0f576a	\\x989e63992acdaa41f3d8e04aed0f576a	9725	255
752	2022-07-24 16:59:10.160479+02	\\x70b3d57ed0050089	\\x0101010101010101	\\x0029d578	\\x58e4d630124f100f7627d8d0a46a937c	\\x58e4d630124f100f7627d8d0a46a937c	\\x58e4d630124f100f7627d8d0a46a937c	16616	255
\.


--
-- Data for Name: device_multicast_group; Type: TABLE DATA; Schema: public; Owner: chirpstack_ns
--

COPY public.device_multicast_group (dev_eui, multicast_group_id, created_at) FROM stdin;
\.


--
-- Data for Name: device_profile; Type: TABLE DATA; Schema: public; Owner: chirpstack_ns
--

COPY public.device_profile (created_at, updated_at, device_profile_id, supports_class_b, class_b_timeout, ping_slot_period, ping_slot_dr, ping_slot_freq, supports_class_c, class_c_timeout, mac_version, reg_params_revision, rx_delay_1, rx_dr_offset_1, rx_data_rate_2, rx_freq_2, factory_preset_freqs, max_eirp, max_duty_cycle, supports_join, rf_region, supports_32bit_fcnt, adr_algorithm_id) FROM stdin;
2022-05-11 04:44:11.746157+02	2022-07-24 16:52:05.442998+02	ed72072d-b70a-4ca8-a4d3-eeceb14321df	f	0	0	0	0	f	0	1.0.2	RP002-1.0.2	0	0	0	0	\N	10	0	t	EU868	f	FCM
\.


--
-- Data for Name: device_queue; Type: TABLE DATA; Schema: public; Owner: chirpstack_ns
--

COPY public.device_queue (id, created_at, updated_at, dev_eui, frm_payload, f_cnt, f_port, confirmed, is_pending, timeout_after, emit_at_time_since_gps_epoch, dev_addr, retry_after) FROM stdin;
\.


--
-- Data for Name: gateway; Type: TABLE DATA; Schema: public; Owner: chirpstack_ns
--

COPY public.gateway (gateway_id, created_at, updated_at, first_seen_at, last_seen_at, location, altitude, gateway_profile_id, routing_profile_id, tls_cert, service_profile_id) FROM stdin;
\\x0080000000013258	2022-05-11 04:39:13.44926+02	2022-05-18 14:11:09.510827+02	2022-05-11 04:39:16.887479+02	2022-07-24 17:03:32.417645+02	(48.840447525039025,2.592714428901673)	40	ba3eb5de-7618-4f8f-aa80-050c9d8c7e74	6d5db27e-4ce2-4b2b-b5d7-91f069397978	\\x	9415605d-21e1-4718-baa9-11730e4f627b
\.


--
-- Data for Name: gateway_board; Type: TABLE DATA; Schema: public; Owner: chirpstack_ns
--

COPY public.gateway_board (id, gateway_id, fpga_id, fine_timestamp_key) FROM stdin;
\.


--
-- Data for Name: gateway_profile; Type: TABLE DATA; Schema: public; Owner: chirpstack_ns
--

COPY public.gateway_profile (gateway_profile_id, created_at, updated_at, channels, stats_interval) FROM stdin;
ba3eb5de-7618-4f8f-aa80-050c9d8c7e74	2022-05-11 04:34:06.432434+02	2022-05-11 12:53:06.890155+02	{3,5,7}	30000000000
\.


--
-- Data for Name: gateway_profile_extra_channel; Type: TABLE DATA; Schema: public; Owner: chirpstack_ns
--

COPY public.gateway_profile_extra_channel (id, gateway_profile_id, modulation, frequency, bandwidth, bitrate, spreading_factors) FROM stdin;
4	ba3eb5de-7618-4f8f-aa80-050c9d8c7e74	LORA	8680000	125	0	{7,8,9,10,11,12}
\.


--
-- Data for Name: multicast_group; Type: TABLE DATA; Schema: public; Owner: chirpstack_ns
--

COPY public.multicast_group (id, created_at, updated_at, mc_addr, mc_nwk_s_key, f_cnt, group_type, dr, frequency, ping_slot_period, routing_profile_id, service_profile_id) FROM stdin;
\.


--
-- Data for Name: multicast_queue; Type: TABLE DATA; Schema: public; Owner: chirpstack_ns
--

COPY public.multicast_queue (id, created_at, schedule_at, emit_at_time_since_gps_epoch, multicast_group_id, gateway_id, f_cnt, f_port, frm_payload, updated_at, retry_after) FROM stdin;
\.


--
-- Data for Name: routing_profile; Type: TABLE DATA; Schema: public; Owner: chirpstack_ns
--

COPY public.routing_profile (created_at, updated_at, routing_profile_id, as_id, ca_cert, tls_cert, tls_key) FROM stdin;
2022-05-11 04:30:51.416362+02	2022-05-17 15:42:02.654665+02	6d5db27e-4ce2-4b2b-b5d7-91f069397978	localhost:8001			
\.


--
-- Data for Name: schema_migrations; Type: TABLE DATA; Schema: public; Owner: chirpstack_ns
--

COPY public.schema_migrations (version, dirty) FROM stdin;
33	f
\.


--
-- Data for Name: service_profile; Type: TABLE DATA; Schema: public; Owner: chirpstack_ns
--

COPY public.service_profile (created_at, updated_at, service_profile_id, ul_rate, ul_bucket_size, ul_rate_policy, dl_rate, dl_bucket_size, dl_rate_policy, add_gw_metadata, dev_status_req_freq, report_dev_status_battery, report_dev_status_margin, dr_min, dr_max, channel_mask, pr_allowed, hr_allowed, ra_allowed, nwk_geo_loc, target_per, min_gw_diversity, gws_private) FROM stdin;
2022-05-11 04:36:02.694973+02	2022-05-25 15:28:49.580861+02	9415605d-21e1-4718-baa9-11730e4f627b	0	0	Drop	0	0	Drop	t	10	t	t	0	5	\\x	f	f	f	f	0	0	t
\.


--
-- Name: device_activation_id_seq; Type: SEQUENCE SET; Schema: public; Owner: chirpstack_ns
--

SELECT pg_catalog.setval('public.device_activation_id_seq', 752, true);


--
-- Name: device_queue_id_seq; Type: SEQUENCE SET; Schema: public; Owner: chirpstack_ns
--

SELECT pg_catalog.setval('public.device_queue_id_seq', 10, true);


--
-- Name: gateway_profile_extra_channel_id_seq; Type: SEQUENCE SET; Schema: public; Owner: chirpstack_ns
--

SELECT pg_catalog.setval('public.gateway_profile_extra_channel_id_seq', 4, true);


--
-- Name: multicast_queue_id_seq; Type: SEQUENCE SET; Schema: public; Owner: chirpstack_ns
--

SELECT pg_catalog.setval('public.multicast_queue_id_seq', 1, false);


--
-- Name: code_migration code_migration_pkey; Type: CONSTRAINT; Schema: public; Owner: chirpstack_ns
--

ALTER TABLE ONLY public.code_migration
    ADD CONSTRAINT code_migration_pkey PRIMARY KEY (id);


--
-- Name: device_activation device_activation_pkey; Type: CONSTRAINT; Schema: public; Owner: chirpstack_ns
--

ALTER TABLE ONLY public.device_activation
    ADD CONSTRAINT device_activation_pkey PRIMARY KEY (id);


--
-- Name: device_multicast_group device_multicast_group_pkey; Type: CONSTRAINT; Schema: public; Owner: chirpstack_ns
--

ALTER TABLE ONLY public.device_multicast_group
    ADD CONSTRAINT device_multicast_group_pkey PRIMARY KEY (multicast_group_id, dev_eui);


--
-- Name: device device_pkey; Type: CONSTRAINT; Schema: public; Owner: chirpstack_ns
--

ALTER TABLE ONLY public.device
    ADD CONSTRAINT device_pkey PRIMARY KEY (dev_eui);


--
-- Name: device_profile device_profile_pkey; Type: CONSTRAINT; Schema: public; Owner: chirpstack_ns
--

ALTER TABLE ONLY public.device_profile
    ADD CONSTRAINT device_profile_pkey PRIMARY KEY (device_profile_id);


--
-- Name: device_queue device_queue_pkey; Type: CONSTRAINT; Schema: public; Owner: chirpstack_ns
--

ALTER TABLE ONLY public.device_queue
    ADD CONSTRAINT device_queue_pkey PRIMARY KEY (id);


--
-- Name: gateway_board gateway_board_pkey; Type: CONSTRAINT; Schema: public; Owner: chirpstack_ns
--

ALTER TABLE ONLY public.gateway_board
    ADD CONSTRAINT gateway_board_pkey PRIMARY KEY (gateway_id, id);


--
-- Name: gateway gateway_pkey; Type: CONSTRAINT; Schema: public; Owner: chirpstack_ns
--

ALTER TABLE ONLY public.gateway
    ADD CONSTRAINT gateway_pkey PRIMARY KEY (gateway_id);


--
-- Name: gateway_profile_extra_channel gateway_profile_extra_channel_pkey; Type: CONSTRAINT; Schema: public; Owner: chirpstack_ns
--

ALTER TABLE ONLY public.gateway_profile_extra_channel
    ADD CONSTRAINT gateway_profile_extra_channel_pkey PRIMARY KEY (id);


--
-- Name: gateway_profile gateway_profile_pkey; Type: CONSTRAINT; Schema: public; Owner: chirpstack_ns
--

ALTER TABLE ONLY public.gateway_profile
    ADD CONSTRAINT gateway_profile_pkey PRIMARY KEY (gateway_profile_id);


--
-- Name: multicast_group multicast_group_pkey; Type: CONSTRAINT; Schema: public; Owner: chirpstack_ns
--

ALTER TABLE ONLY public.multicast_group
    ADD CONSTRAINT multicast_group_pkey PRIMARY KEY (id);


--
-- Name: multicast_queue multicast_queue_pkey; Type: CONSTRAINT; Schema: public; Owner: chirpstack_ns
--

ALTER TABLE ONLY public.multicast_queue
    ADD CONSTRAINT multicast_queue_pkey PRIMARY KEY (id);


--
-- Name: routing_profile routing_profile_pkey; Type: CONSTRAINT; Schema: public; Owner: chirpstack_ns
--

ALTER TABLE ONLY public.routing_profile
    ADD CONSTRAINT routing_profile_pkey PRIMARY KEY (routing_profile_id);


--
-- Name: schema_migrations schema_migrations_pkey; Type: CONSTRAINT; Schema: public; Owner: chirpstack_ns
--

ALTER TABLE ONLY public.schema_migrations
    ADD CONSTRAINT schema_migrations_pkey PRIMARY KEY (version);


--
-- Name: service_profile service_profile_pkey; Type: CONSTRAINT; Schema: public; Owner: chirpstack_ns
--

ALTER TABLE ONLY public.service_profile
    ADD CONSTRAINT service_profile_pkey PRIMARY KEY (service_profile_id);


--
-- Name: idx_device_activation_dev_eui; Type: INDEX; Schema: public; Owner: chirpstack_ns
--

CREATE INDEX idx_device_activation_dev_eui ON public.device_activation USING btree (dev_eui);


--
-- Name: idx_device_activation_nonce_lookup; Type: INDEX; Schema: public; Owner: chirpstack_ns
--

CREATE INDEX idx_device_activation_nonce_lookup ON public.device_activation USING btree (join_eui, dev_eui, join_req_type, dev_nonce);


--
-- Name: idx_device_device_profile_id; Type: INDEX; Schema: public; Owner: chirpstack_ns
--

CREATE INDEX idx_device_device_profile_id ON public.device USING btree (device_profile_id);


--
-- Name: idx_device_mode; Type: INDEX; Schema: public; Owner: chirpstack_ns
--

CREATE INDEX idx_device_mode ON public.device USING btree (mode);


--
-- Name: idx_device_queue_confirmed; Type: INDEX; Schema: public; Owner: chirpstack_ns
--

CREATE INDEX idx_device_queue_confirmed ON public.device_queue USING btree (confirmed);


--
-- Name: idx_device_queue_dev_eui; Type: INDEX; Schema: public; Owner: chirpstack_ns
--

CREATE INDEX idx_device_queue_dev_eui ON public.device_queue USING btree (dev_eui);


--
-- Name: idx_device_queue_emit_at_time_since_gps_epoch; Type: INDEX; Schema: public; Owner: chirpstack_ns
--

CREATE INDEX idx_device_queue_emit_at_time_since_gps_epoch ON public.device_queue USING btree (emit_at_time_since_gps_epoch);


--
-- Name: idx_device_queue_timeout_after; Type: INDEX; Schema: public; Owner: chirpstack_ns
--

CREATE INDEX idx_device_queue_timeout_after ON public.device_queue USING btree (timeout_after);


--
-- Name: idx_device_routing_profile_id; Type: INDEX; Schema: public; Owner: chirpstack_ns
--

CREATE INDEX idx_device_routing_profile_id ON public.device USING btree (routing_profile_id);


--
-- Name: idx_device_service_profile_id; Type: INDEX; Schema: public; Owner: chirpstack_ns
--

CREATE INDEX idx_device_service_profile_id ON public.device USING btree (service_profile_id);


--
-- Name: idx_gateway_gateway_profile_id; Type: INDEX; Schema: public; Owner: chirpstack_ns
--

CREATE INDEX idx_gateway_gateway_profile_id ON public.gateway USING btree (gateway_profile_id);


--
-- Name: idx_gateway_profile_extra_channel_gw_profile_id; Type: INDEX; Schema: public; Owner: chirpstack_ns
--

CREATE INDEX idx_gateway_profile_extra_channel_gw_profile_id ON public.gateway_profile_extra_channel USING btree (gateway_profile_id);


--
-- Name: idx_gateway_routing_profile_id; Type: INDEX; Schema: public; Owner: chirpstack_ns
--

CREATE INDEX idx_gateway_routing_profile_id ON public.gateway USING btree (routing_profile_id);


--
-- Name: idx_gateway_service_profile_id; Type: INDEX; Schema: public; Owner: chirpstack_ns
--

CREATE INDEX idx_gateway_service_profile_id ON public.gateway USING btree (service_profile_id);


--
-- Name: idx_multicast_group_routing_profile_id; Type: INDEX; Schema: public; Owner: chirpstack_ns
--

CREATE INDEX idx_multicast_group_routing_profile_id ON public.multicast_group USING btree (routing_profile_id);


--
-- Name: idx_multicast_group_service_profile_id; Type: INDEX; Schema: public; Owner: chirpstack_ns
--

CREATE INDEX idx_multicast_group_service_profile_id ON public.multicast_group USING btree (service_profile_id);


--
-- Name: idx_multicast_queue_emit_at_time_since_gps_epoch; Type: INDEX; Schema: public; Owner: chirpstack_ns
--

CREATE INDEX idx_multicast_queue_emit_at_time_since_gps_epoch ON public.multicast_queue USING btree (emit_at_time_since_gps_epoch);


--
-- Name: idx_multicast_queue_multicast_group_id; Type: INDEX; Schema: public; Owner: chirpstack_ns
--

CREATE INDEX idx_multicast_queue_multicast_group_id ON public.multicast_queue USING btree (multicast_group_id);


--
-- Name: idx_multicast_queue_schedule_at; Type: INDEX; Schema: public; Owner: chirpstack_ns
--

CREATE INDEX idx_multicast_queue_schedule_at ON public.multicast_queue USING btree (schedule_at);


--
-- Name: device_activation device_activation_dev_eui_fkey; Type: FK CONSTRAINT; Schema: public; Owner: chirpstack_ns
--

ALTER TABLE ONLY public.device_activation
    ADD CONSTRAINT device_activation_dev_eui_fkey FOREIGN KEY (dev_eui) REFERENCES public.device(dev_eui) ON DELETE CASCADE;


--
-- Name: device device_device_profile_id_fkey; Type: FK CONSTRAINT; Schema: public; Owner: chirpstack_ns
--

ALTER TABLE ONLY public.device
    ADD CONSTRAINT device_device_profile_id_fkey FOREIGN KEY (device_profile_id) REFERENCES public.device_profile(device_profile_id) ON DELETE CASCADE;


--
-- Name: device_multicast_group device_multicast_group_dev_eui_fkey; Type: FK CONSTRAINT; Schema: public; Owner: chirpstack_ns
--

ALTER TABLE ONLY public.device_multicast_group
    ADD CONSTRAINT device_multicast_group_dev_eui_fkey FOREIGN KEY (dev_eui) REFERENCES public.device(dev_eui) ON DELETE CASCADE;


--
-- Name: device_multicast_group device_multicast_group_multicast_group_id_fkey; Type: FK CONSTRAINT; Schema: public; Owner: chirpstack_ns
--

ALTER TABLE ONLY public.device_multicast_group
    ADD CONSTRAINT device_multicast_group_multicast_group_id_fkey FOREIGN KEY (multicast_group_id) REFERENCES public.multicast_group(id) ON DELETE CASCADE;


--
-- Name: device_queue device_queue_dev_eui_fkey; Type: FK CONSTRAINT; Schema: public; Owner: chirpstack_ns
--

ALTER TABLE ONLY public.device_queue
    ADD CONSTRAINT device_queue_dev_eui_fkey FOREIGN KEY (dev_eui) REFERENCES public.device(dev_eui) ON DELETE CASCADE;


--
-- Name: device device_routing_profile_id_fkey; Type: FK CONSTRAINT; Schema: public; Owner: chirpstack_ns
--

ALTER TABLE ONLY public.device
    ADD CONSTRAINT device_routing_profile_id_fkey FOREIGN KEY (routing_profile_id) REFERENCES public.routing_profile(routing_profile_id) ON DELETE CASCADE;


--
-- Name: device device_service_profile_id_fkey; Type: FK CONSTRAINT; Schema: public; Owner: chirpstack_ns
--

ALTER TABLE ONLY public.device
    ADD CONSTRAINT device_service_profile_id_fkey FOREIGN KEY (service_profile_id) REFERENCES public.service_profile(service_profile_id) ON DELETE CASCADE;


--
-- Name: gateway_board gateway_board_gateway_id_fkey; Type: FK CONSTRAINT; Schema: public; Owner: chirpstack_ns
--

ALTER TABLE ONLY public.gateway_board
    ADD CONSTRAINT gateway_board_gateway_id_fkey FOREIGN KEY (gateway_id) REFERENCES public.gateway(gateway_id) ON DELETE CASCADE;


--
-- Name: gateway gateway_gateway_profile_id_fkey; Type: FK CONSTRAINT; Schema: public; Owner: chirpstack_ns
--

ALTER TABLE ONLY public.gateway
    ADD CONSTRAINT gateway_gateway_profile_id_fkey FOREIGN KEY (gateway_profile_id) REFERENCES public.gateway_profile(gateway_profile_id);


--
-- Name: gateway_profile_extra_channel gateway_profile_extra_channel_gateway_profile_id_fkey; Type: FK CONSTRAINT; Schema: public; Owner: chirpstack_ns
--

ALTER TABLE ONLY public.gateway_profile_extra_channel
    ADD CONSTRAINT gateway_profile_extra_channel_gateway_profile_id_fkey FOREIGN KEY (gateway_profile_id) REFERENCES public.gateway_profile(gateway_profile_id) ON DELETE CASCADE;


--
-- Name: gateway gateway_routing_profile_id_fkey; Type: FK CONSTRAINT; Schema: public; Owner: chirpstack_ns
--

ALTER TABLE ONLY public.gateway
    ADD CONSTRAINT gateway_routing_profile_id_fkey FOREIGN KEY (routing_profile_id) REFERENCES public.routing_profile(routing_profile_id) ON DELETE CASCADE;


--
-- Name: gateway gateway_service_profile_id_fkey; Type: FK CONSTRAINT; Schema: public; Owner: chirpstack_ns
--

ALTER TABLE ONLY public.gateway
    ADD CONSTRAINT gateway_service_profile_id_fkey FOREIGN KEY (service_profile_id) REFERENCES public.service_profile(service_profile_id) ON DELETE CASCADE;


--
-- Name: multicast_group multicast_group_routing_profile_id_fkey; Type: FK CONSTRAINT; Schema: public; Owner: chirpstack_ns
--

ALTER TABLE ONLY public.multicast_group
    ADD CONSTRAINT multicast_group_routing_profile_id_fkey FOREIGN KEY (routing_profile_id) REFERENCES public.routing_profile(routing_profile_id) ON DELETE CASCADE;


--
-- Name: multicast_group multicast_group_service_profile_id_fkey; Type: FK CONSTRAINT; Schema: public; Owner: chirpstack_ns
--

ALTER TABLE ONLY public.multicast_group
    ADD CONSTRAINT multicast_group_service_profile_id_fkey FOREIGN KEY (service_profile_id) REFERENCES public.service_profile(service_profile_id) ON DELETE CASCADE;


--
-- Name: multicast_queue multicast_queue_gateway_id_fkey; Type: FK CONSTRAINT; Schema: public; Owner: chirpstack_ns
--

ALTER TABLE ONLY public.multicast_queue
    ADD CONSTRAINT multicast_queue_gateway_id_fkey FOREIGN KEY (gateway_id) REFERENCES public.gateway(gateway_id) ON DELETE CASCADE;


--
-- Name: multicast_queue multicast_queue_multicast_group_id_fkey; Type: FK CONSTRAINT; Schema: public; Owner: chirpstack_ns
--

ALTER TABLE ONLY public.multicast_queue
    ADD CONSTRAINT multicast_queue_multicast_group_id_fkey FOREIGN KEY (multicast_group_id) REFERENCES public.multicast_group(id) ON DELETE CASCADE;


--
-- PostgreSQL database dump complete
--

